iPSC-IMR90-E7-A10,/home/lizhixin/project/scRNA-seq/rawData/May_2018/NganE_RNASeq_SS-180403-02a/primary_seq/iPSC-IMR90-E7-A10_1.fastq.gz,/home/lizhixin/project/scRNA-seq/rawData/May_2018/NganE_RNASeq_SS-180403-02a/primary_seq/iPSC-IMR90-E7-A10_2.fastq.gz
iPSC-IMR90-E7-A11,/home/lizhixin/project/scRNA-seq/rawData/May_2018/NganE_RNASeq_SS-180403-02a/primary_seq/iPSC-IMR90-E7-A11_1.fastq.gz,/home/lizhixin/project/scRNA-seq/rawData/May_2018/NganE_RNASeq_SS-180403-02a/primary_seq/iPSC-IMR90-E7-A11_2.fastq.gz
iPSC-IMR90-E7-A1,/home/lizhixin/project/scRNA-seq/rawData/May_2018/NganE_RNASeq_SS-180403-02a/primary_seq/iPSC-IMR90-E7-A1_1.fastq.gz,/home/lizhixin/project/scRNA-seq/rawData/May_2018/NganE_RNASeq_SS-180403-02a/primary_seq/iPSC-IMR90-E7-A1_2.fastq.gz
iPSC-IMR90-E7-A12,/home/lizhixin/project/scRNA-seq/rawData/May_2018/NganE_RNASeq_SS-180403-02a/primary_seq/iPSC-IMR90-E7-A12_1.fastq.gz,/home/lizhixin/project/scRNA-seq/rawData/May_2018/NganE_RNASeq_SS-180403-02a/primary_seq/iPSC-IMR90-E7-A12_2.fastq.gz
iPSC-IMR90-E7-A2,/home/lizhixin/project/scRNA-seq/rawData/May_2018/NganE_RNASeq_SS-180403-02a/primary_seq/iPSC-IMR90-E7-A2_1.fastq.gz,/home/lizhixin/project/scRNA-seq/rawData/May_2018/NganE_RNASeq_SS-180403-02a/primary_seq/iPSC-IMR90-E7-A2_2.fastq.gz
iPSC-IMR90-E7-A3,/home/lizhixin/project/scRNA-seq/rawData/May_2018/NganE_RNASeq_SS-180403-02a/primary_seq/iPSC-IMR90-E7-A3_1.fastq.gz,/home/lizhixin/project/scRNA-seq/rawData/May_2018/NganE_RNASeq_SS-180403-02a/primary_seq/iPSC-IMR90-E7-A3_2.fastq.gz
iPSC-IMR90-E7-A4,/home/lizhixin/project/scRNA-seq/rawData/May_2018/NganE_RNASeq_SS-180403-02a/primary_seq/iPSC-IMR90-E7-A4_1.fastq.gz,/home/lizhixin/project/scRNA-seq/rawData/May_2018/NganE_RNASeq_SS-180403-02a/primary_seq/iPSC-IMR90-E7-A4_2.fastq.gz
iPSC-IMR90-E7-A5,/home/lizhixin/project/scRNA-seq/rawData/May_2018/NganE_RNASeq_SS-180403-02a/primary_seq/iPSC-IMR90-E7-A5_1.fastq.gz,/home/lizhixin/project/scRNA-seq/rawData/May_2018/NganE_RNASeq_SS-180403-02a/primary_seq/iPSC-IMR90-E7-A5_2.fastq.gz
iPSC-IMR90-E7-A6,/home/lizhixin/project/scRNA-seq/rawData/May_2018/NganE_RNASeq_SS-180403-02a/primary_seq/iPSC-IMR90-E7-A6_1.fastq.gz,/home/lizhixin/project/scRNA-seq/rawData/May_2018/NganE_RNASeq_SS-180403-02a/primary_seq/iPSC-IMR90-E7-A6_2.fastq.gz
iPSC-IMR90-E7-A7,/home/lizhixin/project/scRNA-seq/rawData/May_2018/NganE_RNASeq_SS-180403-02a/primary_seq/iPSC-IMR90-E7-A7_1.fastq.gz,/home/lizhixin/project/scRNA-seq/rawData/May_2018/NganE_RNASeq_SS-180403-02a/primary_seq/iPSC-IMR90-E7-A7_2.fastq.gz
iPSC-IMR90-E7-A8,/home/lizhixin/project/scRNA-seq/rawData/May_2018/NganE_RNASeq_SS-180403-02a/primary_seq/iPSC-IMR90-E7-A8_1.fastq.gz,/home/lizhixin/project/scRNA-seq/rawData/May_2018/NganE_RNASeq_SS-180403-02a/primary_seq/iPSC-IMR90-E7-A8_2.fastq.gz
iPSC-IMR90-E7-A9,/home/lizhixin/project/scRNA-seq/rawData/May_2018/NganE_RNASeq_SS-180403-02a/primary_seq/iPSC-IMR90-E7-A9_1.fastq.gz,/home/lizhixin/project/scRNA-seq/rawData/May_2018/NganE_RNASeq_SS-180403-02a/primary_seq/iPSC-IMR90-E7-A9_2.fastq.gz
iPSC-IMR90-E7-B10,/home/lizhixin/project/scRNA-seq/rawData/May_2018/NganE_RNASeq_SS-180403-02a/primary_seq/iPSC-IMR90-E7-B10_1.fastq.gz,/home/lizhixin/project/scRNA-seq/rawData/May_2018/NganE_RNASeq_SS-180403-02a/primary_seq/iPSC-IMR90-E7-B10_2.fastq.gz
iPSC-IMR90-E7-B11,/home/lizhixin/project/scRNA-seq/rawData/May_2018/NganE_RNASeq_SS-180403-02a/primary_seq/iPSC-IMR90-E7-B11_1.fastq.gz,/home/lizhixin/project/scRNA-seq/rawData/May_2018/NganE_RNASeq_SS-180403-02a/primary_seq/iPSC-IMR90-E7-B11_2.fastq.gz
iPSC-IMR90-E7-B1,/home/lizhixin/project/scRNA-seq/rawData/May_2018/NganE_RNASeq_SS-180403-02a/primary_seq/iPSC-IMR90-E7-B1_1.fastq.gz,/home/lizhixin/project/scRNA-seq/rawData/May_2018/NganE_RNASeq_SS-180403-02a/primary_seq/iPSC-IMR90-E7-B1_2.fastq.gz
iPSC-IMR90-E7-B12,/home/lizhixin/project/scRNA-seq/rawData/May_2018/NganE_RNASeq_SS-180403-02a/primary_seq/iPSC-IMR90-E7-B12_1.fastq.gz,/home/lizhixin/project/scRNA-seq/rawData/May_2018/NganE_RNASeq_SS-180403-02a/primary_seq/iPSC-IMR90-E7-B12_2.fastq.gz
iPSC-IMR90-E7-B2,/home/lizhixin/project/scRNA-seq/rawData/May_2018/NganE_RNASeq_SS-180403-02a/primary_seq/iPSC-IMR90-E7-B2_1.fastq.gz,/home/lizhixin/project/scRNA-seq/rawData/May_2018/NganE_RNASeq_SS-180403-02a/primary_seq/iPSC-IMR90-E7-B2_2.fastq.gz
iPSC-IMR90-E7-B3,/home/lizhixin/project/scRNA-seq/rawData/May_2018/NganE_RNASeq_SS-180403-02a/primary_seq/iPSC-IMR90-E7-B3_1.fastq.gz,/home/lizhixin/project/scRNA-seq/rawData/May_2018/NganE_RNASeq_SS-180403-02a/primary_seq/iPSC-IMR90-E7-B3_2.fastq.gz
iPSC-IMR90-E7-B4,/home/lizhixin/project/scRNA-seq/rawData/May_2018/NganE_RNASeq_SS-180403-02a/primary_seq/iPSC-IMR90-E7-B4_1.fastq.gz,/home/lizhixin/project/scRNA-seq/rawData/May_2018/NganE_RNASeq_SS-180403-02a/primary_seq/iPSC-IMR90-E7-B4_2.fastq.gz
iPSC-IMR90-E7-B5,/home/lizhixin/project/scRNA-seq/rawData/May_2018/NganE_RNASeq_SS-180403-02a/primary_seq/iPSC-IMR90-E7-B5_1.fastq.gz,/home/lizhixin/project/scRNA-seq/rawData/May_2018/NganE_RNASeq_SS-180403-02a/primary_seq/iPSC-IMR90-E7-B5_2.fastq.gz
iPSC-IMR90-E7-B6,/home/lizhixin/project/scRNA-seq/rawData/May_2018/NganE_RNASeq_SS-180403-02a/primary_seq/iPSC-IMR90-E7-B6_1.fastq.gz,/home/lizhixin/project/scRNA-seq/rawData/May_2018/NganE_RNASeq_SS-180403-02a/primary_seq/iPSC-IMR90-E7-B6_2.fastq.gz
iPSC-IMR90-E7-B7,/home/lizhixin/project/scRNA-seq/rawData/May_2018/NganE_RNASeq_SS-180403-02a/primary_seq/iPSC-IMR90-E7-B7_1.fastq.gz,/home/lizhixin/project/scRNA-seq/rawData/May_2018/NganE_RNASeq_SS-180403-02a/primary_seq/iPSC-IMR90-E7-B7_2.fastq.gz
iPSC-IMR90-E7-B8,/home/lizhixin/project/scRNA-seq/rawData/May_2018/NganE_RNASeq_SS-180403-02a/primary_seq/iPSC-IMR90-E7-B8_1.fastq.gz,/home/lizhixin/project/scRNA-seq/rawData/May_2018/NganE_RNASeq_SS-180403-02a/primary_seq/iPSC-IMR90-E7-B8_2.fastq.gz
iPSC-IMR90-E7-B9,/home/lizhixin/project/scRNA-seq/rawData/May_2018/NganE_RNASeq_SS-180403-02a/primary_seq/iPSC-IMR90-E7-B9_1.fastq.gz,/home/lizhixin/project/scRNA-seq/rawData/May_2018/NganE_RNASeq_SS-180403-02a/primary_seq/iPSC-IMR90-E7-B9_2.fastq.gz
iPSC-IMR90-E7-C10,/home/lizhixin/project/scRNA-seq/rawData/May_2018/NganE_RNASeq_SS-180403-02a/primary_seq/iPSC-IMR90-E7-C10_1.fastq.gz,/home/lizhixin/project/scRNA-seq/rawData/May_2018/NganE_RNASeq_SS-180403-02a/primary_seq/iPSC-IMR90-E7-C10_2.fastq.gz
iPSC-IMR90-E7-C11,/home/lizhixin/project/scRNA-seq/rawData/May_2018/NganE_RNASeq_SS-180403-02a/primary_seq/iPSC-IMR90-E7-C11_1.fastq.gz,/home/lizhixin/project/scRNA-seq/rawData/May_2018/NganE_RNASeq_SS-180403-02a/primary_seq/iPSC-IMR90-E7-C11_2.fastq.gz
iPSC-IMR90-E7-C1,/home/lizhixin/project/scRNA-seq/rawData/May_2018/NganE_RNASeq_SS-180403-02a/primary_seq/iPSC-IMR90-E7-C1_1.fastq.gz,/home/lizhixin/project/scRNA-seq/rawData/May_2018/NganE_RNASeq_SS-180403-02a/primary_seq/iPSC-IMR90-E7-C1_2.fastq.gz
iPSC-IMR90-E7-C12,/home/lizhixin/project/scRNA-seq/rawData/May_2018/NganE_RNASeq_SS-180403-02a/primary_seq/iPSC-IMR90-E7-C12_1.fastq.gz,/home/lizhixin/project/scRNA-seq/rawData/May_2018/NganE_RNASeq_SS-180403-02a/primary_seq/iPSC-IMR90-E7-C12_2.fastq.gz
iPSC-IMR90-E7-C2,/home/lizhixin/project/scRNA-seq/rawData/May_2018/NganE_RNASeq_SS-180403-02a/primary_seq/iPSC-IMR90-E7-C2_1.fastq.gz,/home/lizhixin/project/scRNA-seq/rawData/May_2018/NganE_RNASeq_SS-180403-02a/primary_seq/iPSC-IMR90-E7-C2_2.fastq.gz
iPSC-IMR90-E7-C3,/home/lizhixin/project/scRNA-seq/rawData/May_2018/NganE_RNASeq_SS-180403-02a/primary_seq/iPSC-IMR90-E7-C3_1.fastq.gz,/home/lizhixin/project/scRNA-seq/rawData/May_2018/NganE_RNASeq_SS-180403-02a/primary_seq/iPSC-IMR90-E7-C3_2.fastq.gz
iPSC-IMR90-E7-C4,/home/lizhixin/project/scRNA-seq/rawData/May_2018/NganE_RNASeq_SS-180403-02a/primary_seq/iPSC-IMR90-E7-C4_1.fastq.gz,/home/lizhixin/project/scRNA-seq/rawData/May_2018/NganE_RNASeq_SS-180403-02a/primary_seq/iPSC-IMR90-E7-C4_2.fastq.gz
iPSC-IMR90-E7-C5,/home/lizhixin/project/scRNA-seq/rawData/May_2018/NganE_RNASeq_SS-180403-02a/primary_seq/iPSC-IMR90-E7-C5_1.fastq.gz,/home/lizhixin/project/scRNA-seq/rawData/May_2018/NganE_RNASeq_SS-180403-02a/primary_seq/iPSC-IMR90-E7-C5_2.fastq.gz
iPSC-IMR90-E7-C6,/home/lizhixin/project/scRNA-seq/rawData/May_2018/NganE_RNASeq_SS-180403-02a/primary_seq/iPSC-IMR90-E7-C6_1.fastq.gz,/home/lizhixin/project/scRNA-seq/rawData/May_2018/NganE_RNASeq_SS-180403-02a/primary_seq/iPSC-IMR90-E7-C6_2.fastq.gz
iPSC-IMR90-E7-C7,/home/lizhixin/project/scRNA-seq/rawData/May_2018/NganE_RNASeq_SS-180403-02a/primary_seq/iPSC-IMR90-E7-C7_1.fastq.gz,/home/lizhixin/project/scRNA-seq/rawData/May_2018/NganE_RNASeq_SS-180403-02a/primary_seq/iPSC-IMR90-E7-C7_2.fastq.gz
iPSC-IMR90-E7-C8,/home/lizhixin/project/scRNA-seq/rawData/May_2018/NganE_RNASeq_SS-180403-02a/primary_seq/iPSC-IMR90-E7-C8_1.fastq.gz,/home/lizhixin/project/scRNA-seq/rawData/May_2018/NganE_RNASeq_SS-180403-02a/primary_seq/iPSC-IMR90-E7-C8_2.fastq.gz
iPSC-IMR90-E7-C9,/home/lizhixin/project/scRNA-seq/rawData/May_2018/NganE_RNASeq_SS-180403-02a/primary_seq/iPSC-IMR90-E7-C9_1.fastq.gz,/home/lizhixin/project/scRNA-seq/rawData/May_2018/NganE_RNASeq_SS-180403-02a/primary_seq/iPSC-IMR90-E7-C9_2.fastq.gz
iPSC-IMR90-E7-D10,/home/lizhixin/project/scRNA-seq/rawData/May_2018/NganE_RNASeq_SS-180403-02a/primary_seq/iPSC-IMR90-E7-D10_1.fastq.gz,/home/lizhixin/project/scRNA-seq/rawData/May_2018/NganE_RNASeq_SS-180403-02a/primary_seq/iPSC-IMR90-E7-D10_2.fastq.gz
iPSC-IMR90-E7-D11,/home/lizhixin/project/scRNA-seq/rawData/May_2018/NganE_RNASeq_SS-180403-02a/primary_seq/iPSC-IMR90-E7-D11_1.fastq.gz,/home/lizhixin/project/scRNA-seq/rawData/May_2018/NganE_RNASeq_SS-180403-02a/primary_seq/iPSC-IMR90-E7-D11_2.fastq.gz
iPSC-IMR90-E7-D1,/home/lizhixin/project/scRNA-seq/rawData/May_2018/NganE_RNASeq_SS-180403-02a/primary_seq/iPSC-IMR90-E7-D1_1.fastq.gz,/home/lizhixin/project/scRNA-seq/rawData/May_2018/NganE_RNASeq_SS-180403-02a/primary_seq/iPSC-IMR90-E7-D1_2.fastq.gz
iPSC-IMR90-E7-D12,/home/lizhixin/project/scRNA-seq/rawData/May_2018/NganE_RNASeq_SS-180403-02a/primary_seq/iPSC-IMR90-E7-D12_1.fastq.gz,/home/lizhixin/project/scRNA-seq/rawData/May_2018/NganE_RNASeq_SS-180403-02a/primary_seq/iPSC-IMR90-E7-D12_2.fastq.gz
iPSC-IMR90-E7-D2,/home/lizhixin/project/scRNA-seq/rawData/May_2018/NganE_RNASeq_SS-180403-02a/primary_seq/iPSC-IMR90-E7-D2_1.fastq.gz,/home/lizhixin/project/scRNA-seq/rawData/May_2018/NganE_RNASeq_SS-180403-02a/primary_seq/iPSC-IMR90-E7-D2_2.fastq.gz
iPSC-IMR90-E7-D3,/home/lizhixin/project/scRNA-seq/rawData/May_2018/NganE_RNASeq_SS-180403-02a/primary_seq/iPSC-IMR90-E7-D3_1.fastq.gz,/home/lizhixin/project/scRNA-seq/rawData/May_2018/NganE_RNASeq_SS-180403-02a/primary_seq/iPSC-IMR90-E7-D3_2.fastq.gz
iPSC-IMR90-E7-D4,/home/lizhixin/project/scRNA-seq/rawData/May_2018/NganE_RNASeq_SS-180403-02a/primary_seq/iPSC-IMR90-E7-D4_1.fastq.gz,/home/lizhixin/project/scRNA-seq/rawData/May_2018/NganE_RNASeq_SS-180403-02a/primary_seq/iPSC-IMR90-E7-D4_2.fastq.gz
iPSC-IMR90-E7-D5,/home/lizhixin/project/scRNA-seq/rawData/May_2018/NganE_RNASeq_SS-180403-02a/primary_seq/iPSC-IMR90-E7-D5_1.fastq.gz,/home/lizhixin/project/scRNA-seq/rawData/May_2018/NganE_RNASeq_SS-180403-02a/primary_seq/iPSC-IMR90-E7-D5_2.fastq.gz
iPSC-IMR90-E7-D6,/home/lizhixin/project/scRNA-seq/rawData/May_2018/NganE_RNASeq_SS-180403-02a/primary_seq/iPSC-IMR90-E7-D6_1.fastq.gz,/home/lizhixin/project/scRNA-seq/rawData/May_2018/NganE_RNASeq_SS-180403-02a/primary_seq/iPSC-IMR90-E7-D6_2.fastq.gz
iPSC-IMR90-E7-D7,/home/lizhixin/project/scRNA-seq/rawData/May_2018/NganE_RNASeq_SS-180403-02a/primary_seq/iPSC-IMR90-E7-D7_1.fastq.gz,/home/lizhixin/project/scRNA-seq/rawData/May_2018/NganE_RNASeq_SS-180403-02a/primary_seq/iPSC-IMR90-E7-D7_2.fastq.gz
iPSC-IMR90-E7-D8,/home/lizhixin/project/scRNA-seq/rawData/May_2018/NganE_RNASeq_SS-180403-02a/primary_seq/iPSC-IMR90-E7-D8_1.fastq.gz,/home/lizhixin/project/scRNA-seq/rawData/May_2018/NganE_RNASeq_SS-180403-02a/primary_seq/iPSC-IMR90-E7-D8_2.fastq.gz
iPSC-IMR90-E7-D9,/home/lizhixin/project/scRNA-seq/rawData/May_2018/NganE_RNASeq_SS-180403-02a/primary_seq/iPSC-IMR90-E7-D9_1.fastq.gz,/home/lizhixin/project/scRNA-seq/rawData/May_2018/NganE_RNASeq_SS-180403-02a/primary_seq/iPSC-IMR90-E7-D9_2.fastq.gz
iPSC-IMR90-E7-E10,/home/lizhixin/project/scRNA-seq/rawData/May_2018/NganE_RNASeq_SS-180403-02a/primary_seq/iPSC-IMR90-E7-E10_1.fastq.gz,/home/lizhixin/project/scRNA-seq/rawData/May_2018/NganE_RNASeq_SS-180403-02a/primary_seq/iPSC-IMR90-E7-E10_2.fastq.gz
iPSC-IMR90-E7-E11,/home/lizhixin/project/scRNA-seq/rawData/May_2018/NganE_RNASeq_SS-180403-02a/primary_seq/iPSC-IMR90-E7-E11_1.fastq.gz,/home/lizhixin/project/scRNA-seq/rawData/May_2018/NganE_RNASeq_SS-180403-02a/primary_seq/iPSC-IMR90-E7-E11_2.fastq.gz
iPSC-IMR90-E7-E1,/home/lizhixin/project/scRNA-seq/rawData/May_2018/NganE_RNASeq_SS-180403-02a/primary_seq/iPSC-IMR90-E7-E1_1.fastq.gz,/home/lizhixin/project/scRNA-seq/rawData/May_2018/NganE_RNASeq_SS-180403-02a/primary_seq/iPSC-IMR90-E7-E1_2.fastq.gz
iPSC-IMR90-E7-E12,/home/lizhixin/project/scRNA-seq/rawData/May_2018/NganE_RNASeq_SS-180403-02a/primary_seq/iPSC-IMR90-E7-E12_1.fastq.gz,/home/lizhixin/project/scRNA-seq/rawData/May_2018/NganE_RNASeq_SS-180403-02a/primary_seq/iPSC-IMR90-E7-E12_2.fastq.gz
iPSC-IMR90-E7-E2,/home/lizhixin/project/scRNA-seq/rawData/May_2018/NganE_RNASeq_SS-180403-02a/primary_seq/iPSC-IMR90-E7-E2_1.fastq.gz,/home/lizhixin/project/scRNA-seq/rawData/May_2018/NganE_RNASeq_SS-180403-02a/primary_seq/iPSC-IMR90-E7-E2_2.fastq.gz
iPSC-IMR90-E7-E3,/home/lizhixin/project/scRNA-seq/rawData/May_2018/NganE_RNASeq_SS-180403-02a/primary_seq/iPSC-IMR90-E7-E3_1.fastq.gz,/home/lizhixin/project/scRNA-seq/rawData/May_2018/NganE_RNASeq_SS-180403-02a/primary_seq/iPSC-IMR90-E7-E3_2.fastq.gz
iPSC-IMR90-E7-E4,/home/lizhixin/project/scRNA-seq/rawData/May_2018/NganE_RNASeq_SS-180403-02a/primary_seq/iPSC-IMR90-E7-E4_1.fastq.gz,/home/lizhixin/project/scRNA-seq/rawData/May_2018/NganE_RNASeq_SS-180403-02a/primary_seq/iPSC-IMR90-E7-E4_2.fastq.gz
iPSC-IMR90-E7-E5,/home/lizhixin/project/scRNA-seq/rawData/May_2018/NganE_RNASeq_SS-180403-02a/primary_seq/iPSC-IMR90-E7-E5_1.fastq.gz,/home/lizhixin/project/scRNA-seq/rawData/May_2018/NganE_RNASeq_SS-180403-02a/primary_seq/iPSC-IMR90-E7-E5_2.fastq.gz
iPSC-IMR90-E7-E6,/home/lizhixin/project/scRNA-seq/rawData/May_2018/NganE_RNASeq_SS-180403-02a/primary_seq/iPSC-IMR90-E7-E6_1.fastq.gz,/home/lizhixin/project/scRNA-seq/rawData/May_2018/NganE_RNASeq_SS-180403-02a/primary_seq/iPSC-IMR90-E7-E6_2.fastq.gz
iPSC-IMR90-E7-E7,/home/lizhixin/project/scRNA-seq/rawData/May_2018/NganE_RNASeq_SS-180403-02a/primary_seq/iPSC-IMR90-E7-E7_1.fastq.gz,/home/lizhixin/project/scRNA-seq/rawData/May_2018/NganE_RNASeq_SS-180403-02a/primary_seq/iPSC-IMR90-E7-E7_2.fastq.gz
iPSC-IMR90-E7-E8,/home/lizhixin/project/scRNA-seq/rawData/May_2018/NganE_RNASeq_SS-180403-02a/primary_seq/iPSC-IMR90-E7-E8_1.fastq.gz,/home/lizhixin/project/scRNA-seq/rawData/May_2018/NganE_RNASeq_SS-180403-02a/primary_seq/iPSC-IMR90-E7-E8_2.fastq.gz
iPSC-IMR90-E7-E9,/home/lizhixin/project/scRNA-seq/rawData/May_2018/NganE_RNASeq_SS-180403-02a/primary_seq/iPSC-IMR90-E7-E9_1.fastq.gz,/home/lizhixin/project/scRNA-seq/rawData/May_2018/NganE_RNASeq_SS-180403-02a/primary_seq/iPSC-IMR90-E7-E9_2.fastq.gz
iPSC-IMR90-E7-F10,/home/lizhixin/project/scRNA-seq/rawData/May_2018/NganE_RNASeq_SS-180403-02a/primary_seq/iPSC-IMR90-E7-F10_1.fastq.gz,/home/lizhixin/project/scRNA-seq/rawData/May_2018/NganE_RNASeq_SS-180403-02a/primary_seq/iPSC-IMR90-E7-F10_2.fastq.gz
iPSC-IMR90-E7-F11,/home/lizhixin/project/scRNA-seq/rawData/May_2018/NganE_RNASeq_SS-180403-02a/primary_seq/iPSC-IMR90-E7-F11_1.fastq.gz,/home/lizhixin/project/scRNA-seq/rawData/May_2018/NganE_RNASeq_SS-180403-02a/primary_seq/iPSC-IMR90-E7-F11_2.fastq.gz
iPSC-IMR90-E7-F1,/home/lizhixin/project/scRNA-seq/rawData/May_2018/NganE_RNASeq_SS-180403-02a/primary_seq/iPSC-IMR90-E7-F1_1.fastq.gz,/home/lizhixin/project/scRNA-seq/rawData/May_2018/NganE_RNASeq_SS-180403-02a/primary_seq/iPSC-IMR90-E7-F1_2.fastq.gz
iPSC-IMR90-E7-F12,/home/lizhixin/project/scRNA-seq/rawData/May_2018/NganE_RNASeq_SS-180403-02a/primary_seq/iPSC-IMR90-E7-F12_1.fastq.gz,/home/lizhixin/project/scRNA-seq/rawData/May_2018/NganE_RNASeq_SS-180403-02a/primary_seq/iPSC-IMR90-E7-F12_2.fastq.gz
iPSC-IMR90-E7-F2,/home/lizhixin/project/scRNA-seq/rawData/May_2018/NganE_RNASeq_SS-180403-02a/primary_seq/iPSC-IMR90-E7-F2_1.fastq.gz,/home/lizhixin/project/scRNA-seq/rawData/May_2018/NganE_RNASeq_SS-180403-02a/primary_seq/iPSC-IMR90-E7-F2_2.fastq.gz
iPSC-IMR90-E7-F3,/home/lizhixin/project/scRNA-seq/rawData/May_2018/NganE_RNASeq_SS-180403-02a/primary_seq/iPSC-IMR90-E7-F3_1.fastq.gz,/home/lizhixin/project/scRNA-seq/rawData/May_2018/NganE_RNASeq_SS-180403-02a/primary_seq/iPSC-IMR90-E7-F3_2.fastq.gz
iPSC-IMR90-E7-F4,/home/lizhixin/project/scRNA-seq/rawData/May_2018/NganE_RNASeq_SS-180403-02a/primary_seq/iPSC-IMR90-E7-F4_1.fastq.gz,/home/lizhixin/project/scRNA-seq/rawData/May_2018/NganE_RNASeq_SS-180403-02a/primary_seq/iPSC-IMR90-E7-F4_2.fastq.gz
iPSC-IMR90-E7-F5,/home/lizhixin/project/scRNA-seq/rawData/May_2018/NganE_RNASeq_SS-180403-02a/primary_seq/iPSC-IMR90-E7-F5_1.fastq.gz,/home/lizhixin/project/scRNA-seq/rawData/May_2018/NganE_RNASeq_SS-180403-02a/primary_seq/iPSC-IMR90-E7-F5_2.fastq.gz
iPSC-IMR90-E7-F6,/home/lizhixin/project/scRNA-seq/rawData/May_2018/NganE_RNASeq_SS-180403-02a/primary_seq/iPSC-IMR90-E7-F6_1.fastq.gz,/home/lizhixin/project/scRNA-seq/rawData/May_2018/NganE_RNASeq_SS-180403-02a/primary_seq/iPSC-IMR90-E7-F6_2.fastq.gz
iPSC-IMR90-E7-F7,/home/lizhixin/project/scRNA-seq/rawData/May_2018/NganE_RNASeq_SS-180403-02a/primary_seq/iPSC-IMR90-E7-F7_1.fastq.gz,/home/lizhixin/project/scRNA-seq/rawData/May_2018/NganE_RNASeq_SS-180403-02a/primary_seq/iPSC-IMR90-E7-F7_2.fastq.gz
iPSC-IMR90-E7-F8,/home/lizhixin/project/scRNA-seq/rawData/May_2018/NganE_RNASeq_SS-180403-02a/primary_seq/iPSC-IMR90-E7-F8_1.fastq.gz,/home/lizhixin/project/scRNA-seq/rawData/May_2018/NganE_RNASeq_SS-180403-02a/primary_seq/iPSC-IMR90-E7-F8_2.fastq.gz
iPSC-IMR90-E7-F9,/home/lizhixin/project/scRNA-seq/rawData/May_2018/NganE_RNASeq_SS-180403-02a/primary_seq/iPSC-IMR90-E7-F9_1.fastq.gz,/home/lizhixin/project/scRNA-seq/rawData/May_2018/NganE_RNASeq_SS-180403-02a/primary_seq/iPSC-IMR90-E7-F9_2.fastq.gz
iPSC-IMR90-E7-G10,/home/lizhixin/project/scRNA-seq/rawData/May_2018/NganE_RNASeq_SS-180403-02a/primary_seq/iPSC-IMR90-E7-G10_1.fastq.gz,/home/lizhixin/project/scRNA-seq/rawData/May_2018/NganE_RNASeq_SS-180403-02a/primary_seq/iPSC-IMR90-E7-G10_2.fastq.gz
iPSC-IMR90-E7-G11,/home/lizhixin/project/scRNA-seq/rawData/May_2018/NganE_RNASeq_SS-180403-02a/primary_seq/iPSC-IMR90-E7-G11_1.fastq.gz,/home/lizhixin/project/scRNA-seq/rawData/May_2018/NganE_RNASeq_SS-180403-02a/primary_seq/iPSC-IMR90-E7-G11_2.fastq.gz
iPSC-IMR90-E7-G1,/home/lizhixin/project/scRNA-seq/rawData/May_2018/NganE_RNASeq_SS-180403-02a/primary_seq/iPSC-IMR90-E7-G1_1.fastq.gz,/home/lizhixin/project/scRNA-seq/rawData/May_2018/NganE_RNASeq_SS-180403-02a/primary_seq/iPSC-IMR90-E7-G1_2.fastq.gz
iPSC-IMR90-E7-G12,/home/lizhixin/project/scRNA-seq/rawData/May_2018/NganE_RNASeq_SS-180403-02a/primary_seq/iPSC-IMR90-E7-G12_1.fastq.gz,/home/lizhixin/project/scRNA-seq/rawData/May_2018/NganE_RNASeq_SS-180403-02a/primary_seq/iPSC-IMR90-E7-G12_2.fastq.gz
iPSC-IMR90-E7-G2,/home/lizhixin/project/scRNA-seq/rawData/May_2018/NganE_RNASeq_SS-180403-02a/primary_seq/iPSC-IMR90-E7-G2_1.fastq.gz,/home/lizhixin/project/scRNA-seq/rawData/May_2018/NganE_RNASeq_SS-180403-02a/primary_seq/iPSC-IMR90-E7-G2_2.fastq.gz
iPSC-IMR90-E7-G3,/home/lizhixin/project/scRNA-seq/rawData/May_2018/NganE_RNASeq_SS-180403-02a/primary_seq/iPSC-IMR90-E7-G3_1.fastq.gz,/home/lizhixin/project/scRNA-seq/rawData/May_2018/NganE_RNASeq_SS-180403-02a/primary_seq/iPSC-IMR90-E7-G3_2.fastq.gz
iPSC-IMR90-E7-G4,/home/lizhixin/project/scRNA-seq/rawData/May_2018/NganE_RNASeq_SS-180403-02a/primary_seq/iPSC-IMR90-E7-G4_1.fastq.gz,/home/lizhixin/project/scRNA-seq/rawData/May_2018/NganE_RNASeq_SS-180403-02a/primary_seq/iPSC-IMR90-E7-G4_2.fastq.gz
iPSC-IMR90-E7-G5,/home/lizhixin/project/scRNA-seq/rawData/May_2018/NganE_RNASeq_SS-180403-02a/primary_seq/iPSC-IMR90-E7-G5_1.fastq.gz,/home/lizhixin/project/scRNA-seq/rawData/May_2018/NganE_RNASeq_SS-180403-02a/primary_seq/iPSC-IMR90-E7-G5_2.fastq.gz
iPSC-IMR90-E7-G6,/home/lizhixin/project/scRNA-seq/rawData/May_2018/NganE_RNASeq_SS-180403-02a/primary_seq/iPSC-IMR90-E7-G6_1.fastq.gz,/home/lizhixin/project/scRNA-seq/rawData/May_2018/NganE_RNASeq_SS-180403-02a/primary_seq/iPSC-IMR90-E7-G6_2.fastq.gz
iPSC-IMR90-E7-G7,/home/lizhixin/project/scRNA-seq/rawData/May_2018/NganE_RNASeq_SS-180403-02a/primary_seq/iPSC-IMR90-E7-G7_1.fastq.gz,/home/lizhixin/project/scRNA-seq/rawData/May_2018/NganE_RNASeq_SS-180403-02a/primary_seq/iPSC-IMR90-E7-G7_2.fastq.gz
iPSC-IMR90-E7-G8,/home/lizhixin/project/scRNA-seq/rawData/May_2018/NganE_RNASeq_SS-180403-02a/primary_seq/iPSC-IMR90-E7-G8_1.fastq.gz,/home/lizhixin/project/scRNA-seq/rawData/May_2018/NganE_RNASeq_SS-180403-02a/primary_seq/iPSC-IMR90-E7-G8_2.fastq.gz
iPSC-IMR90-E7-G9,/home/lizhixin/project/scRNA-seq/rawData/May_2018/NganE_RNASeq_SS-180403-02a/primary_seq/iPSC-IMR90-E7-G9_1.fastq.gz,/home/lizhixin/project/scRNA-seq/rawData/May_2018/NganE_RNASeq_SS-180403-02a/primary_seq/iPSC-IMR90-E7-G9_2.fastq.gz
iPSC-IMR90-E7-H10,/home/lizhixin/project/scRNA-seq/rawData/May_2018/NganE_RNASeq_SS-180403-02a/primary_seq/iPSC-IMR90-E7-H10_1.fastq.gz,/home/lizhixin/project/scRNA-seq/rawData/May_2018/NganE_RNASeq_SS-180403-02a/primary_seq/iPSC-IMR90-E7-H10_2.fastq.gz
iPSC-IMR90-E7-H11,/home/lizhixin/project/scRNA-seq/rawData/May_2018/NganE_RNASeq_SS-180403-02a/primary_seq/iPSC-IMR90-E7-H11_1.fastq.gz,/home/lizhixin/project/scRNA-seq/rawData/May_2018/NganE_RNASeq_SS-180403-02a/primary_seq/iPSC-IMR90-E7-H11_2.fastq.gz
iPSC-IMR90-E7-H1,/home/lizhixin/project/scRNA-seq/rawData/May_2018/NganE_RNASeq_SS-180403-02a/primary_seq/iPSC-IMR90-E7-H1_1.fastq.gz,/home/lizhixin/project/scRNA-seq/rawData/May_2018/NganE_RNASeq_SS-180403-02a/primary_seq/iPSC-IMR90-E7-H1_2.fastq.gz
iPSC-IMR90-E7-H12,/home/lizhixin/project/scRNA-seq/rawData/May_2018/NganE_RNASeq_SS-180403-02a/primary_seq/iPSC-IMR90-E7-H12_1.fastq.gz,/home/lizhixin/project/scRNA-seq/rawData/May_2018/NganE_RNASeq_SS-180403-02a/primary_seq/iPSC-IMR90-E7-H12_2.fastq.gz
iPSC-IMR90-E7-H2,/home/lizhixin/project/scRNA-seq/rawData/May_2018/NganE_RNASeq_SS-180403-02a/primary_seq/iPSC-IMR90-E7-H2_1.fastq.gz,/home/lizhixin/project/scRNA-seq/rawData/May_2018/NganE_RNASeq_SS-180403-02a/primary_seq/iPSC-IMR90-E7-H2_2.fastq.gz
iPSC-IMR90-E7-H3,/home/lizhixin/project/scRNA-seq/rawData/May_2018/NganE_RNASeq_SS-180403-02a/primary_seq/iPSC-IMR90-E7-H3_1.fastq.gz,/home/lizhixin/project/scRNA-seq/rawData/May_2018/NganE_RNASeq_SS-180403-02a/primary_seq/iPSC-IMR90-E7-H3_2.fastq.gz
iPSC-IMR90-E7-H4,/home/lizhixin/project/scRNA-seq/rawData/May_2018/NganE_RNASeq_SS-180403-02a/primary_seq/iPSC-IMR90-E7-H4_1.fastq.gz,/home/lizhixin/project/scRNA-seq/rawData/May_2018/NganE_RNASeq_SS-180403-02a/primary_seq/iPSC-IMR90-E7-H4_2.fastq.gz
iPSC-IMR90-E7-H5,/home/lizhixin/project/scRNA-seq/rawData/May_2018/NganE_RNASeq_SS-180403-02a/primary_seq/iPSC-IMR90-E7-H5_1.fastq.gz,/home/lizhixin/project/scRNA-seq/rawData/May_2018/NganE_RNASeq_SS-180403-02a/primary_seq/iPSC-IMR90-E7-H5_2.fastq.gz
iPSC-IMR90-E7-H6,/home/lizhixin/project/scRNA-seq/rawData/May_2018/NganE_RNASeq_SS-180403-02a/primary_seq/iPSC-IMR90-E7-H6_1.fastq.gz,/home/lizhixin/project/scRNA-seq/rawData/May_2018/NganE_RNASeq_SS-180403-02a/primary_seq/iPSC-IMR90-E7-H6_2.fastq.gz
iPSC-IMR90-E7-H7,/home/lizhixin/project/scRNA-seq/rawData/May_2018/NganE_RNASeq_SS-180403-02a/primary_seq/iPSC-IMR90-E7-H7_1.fastq.gz,/home/lizhixin/project/scRNA-seq/rawData/May_2018/NganE_RNASeq_SS-180403-02a/primary_seq/iPSC-IMR90-E7-H7_2.fastq.gz
iPSC-IMR90-E7-H8,/home/lizhixin/project/scRNA-seq/rawData/May_2018/NganE_RNASeq_SS-180403-02a/primary_seq/iPSC-IMR90-E7-H8_1.fastq.gz,/home/lizhixin/project/scRNA-seq/rawData/May_2018/NganE_RNASeq_SS-180403-02a/primary_seq/iPSC-IMR90-E7-H8_2.fastq.gz
iPSC-IMR90-E7-H9,/home/lizhixin/project/scRNA-seq/rawData/May_2018/NganE_RNASeq_SS-180403-02a/primary_seq/iPSC-IMR90-E7-H9_1.fastq.gz,/home/lizhixin/project/scRNA-seq/rawData/May_2018/NganE_RNASeq_SS-180403-02a/primary_seq/iPSC-IMR90-E7-H9_2.fastq.gz
iPSC-IMR90-E7-I10,/home/lizhixin/project/scRNA-seq/rawData/May_2018/NganE_RNASeq_SS-180403-02a/primary_seq/iPSC-IMR90-E7-I10_1.fastq.gz,/home/lizhixin/project/scRNA-seq/rawData/May_2018/NganE_RNASeq_SS-180403-02a/primary_seq/iPSC-IMR90-E7-I10_2.fastq.gz
iPSC-IMR90-E7-I11,/home/lizhixin/project/scRNA-seq/rawData/May_2018/NganE_RNASeq_SS-180403-02a/primary_seq/iPSC-IMR90-E7-I11_1.fastq.gz,/home/lizhixin/project/scRNA-seq/rawData/May_2018/NganE_RNASeq_SS-180403-02a/primary_seq/iPSC-IMR90-E7-I11_2.fastq.gz
iPSC-IMR90-E7-I1,/home/lizhixin/project/scRNA-seq/rawData/May_2018/NganE_RNASeq_SS-180403-02a/primary_seq/iPSC-IMR90-E7-I1_1.fastq.gz,/home/lizhixin/project/scRNA-seq/rawData/May_2018/NganE_RNASeq_SS-180403-02a/primary_seq/iPSC-IMR90-E7-I1_2.fastq.gz
iPSC-IMR90-E7-I12,/home/lizhixin/project/scRNA-seq/rawData/May_2018/NganE_RNASeq_SS-180403-02a/primary_seq/iPSC-IMR90-E7-I12_1.fastq.gz,/home/lizhixin/project/scRNA-seq/rawData/May_2018/NganE_RNASeq_SS-180403-02a/primary_seq/iPSC-IMR90-E7-I12_2.fastq.gz
iPSC-IMR90-E7-I2,/home/lizhixin/project/scRNA-seq/rawData/May_2018/NganE_RNASeq_SS-180403-02a/primary_seq/iPSC-IMR90-E7-I2_1.fastq.gz,/home/lizhixin/project/scRNA-seq/rawData/May_2018/NganE_RNASeq_SS-180403-02a/primary_seq/iPSC-IMR90-E7-I2_2.fastq.gz
iPSC-IMR90-E7-I3,/home/lizhixin/project/scRNA-seq/rawData/May_2018/NganE_RNASeq_SS-180403-02a/primary_seq/iPSC-IMR90-E7-I3_1.fastq.gz,/home/lizhixin/project/scRNA-seq/rawData/May_2018/NganE_RNASeq_SS-180403-02a/primary_seq/iPSC-IMR90-E7-I3_2.fastq.gz
iPSC-IMR90-E7-I4,/home/lizhixin/project/scRNA-seq/rawData/May_2018/NganE_RNASeq_SS-180403-02a/primary_seq/iPSC-IMR90-E7-I4_1.fastq.gz,/home/lizhixin/project/scRNA-seq/rawData/May_2018/NganE_RNASeq_SS-180403-02a/primary_seq/iPSC-IMR90-E7-I4_2.fastq.gz
iPSC-IMR90-E7-I5,/home/lizhixin/project/scRNA-seq/rawData/May_2018/NganE_RNASeq_SS-180403-02a/primary_seq/iPSC-IMR90-E7-I5_1.fastq.gz,/home/lizhixin/project/scRNA-seq/rawData/May_2018/NganE_RNASeq_SS-180403-02a/primary_seq/iPSC-IMR90-E7-I5_2.fastq.gz
iPSC-IMR90-E7-I6,/home/lizhixin/project/scRNA-seq/rawData/May_2018/NganE_RNASeq_SS-180403-02a/primary_seq/iPSC-IMR90-E7-I6_1.fastq.gz,/home/lizhixin/project/scRNA-seq/rawData/May_2018/NganE_RNASeq_SS-180403-02a/primary_seq/iPSC-IMR90-E7-I6_2.fastq.gz
iPSC-IMR90-E7-I7,/home/lizhixin/project/scRNA-seq/rawData/May_2018/NganE_RNASeq_SS-180403-02a/primary_seq/iPSC-IMR90-E7-I7_1.fastq.gz,/home/lizhixin/project/scRNA-seq/rawData/May_2018/NganE_RNASeq_SS-180403-02a/primary_seq/iPSC-IMR90-E7-I7_2.fastq.gz
iPSC-IMR90-E7-I8,/home/lizhixin/project/scRNA-seq/rawData/May_2018/NganE_RNASeq_SS-180403-02a/primary_seq/iPSC-IMR90-E7-I8_1.fastq.gz,/home/lizhixin/project/scRNA-seq/rawData/May_2018/NganE_RNASeq_SS-180403-02a/primary_seq/iPSC-IMR90-E7-I8_2.fastq.gz
iPSC-IMR90-E7-I9,/home/lizhixin/project/scRNA-seq/rawData/May_2018/NganE_RNASeq_SS-180403-02a/primary_seq/iPSC-IMR90-E7-I9_1.fastq.gz,/home/lizhixin/project/scRNA-seq/rawData/May_2018/NganE_RNASeq_SS-180403-02a/primary_seq/iPSC-IMR90-E7-I9_2.fastq.gz
iPSC-IMR90-E7-J10,/home/lizhixin/project/scRNA-seq/rawData/May_2018/NganE_RNASeq_SS-180403-02a/primary_seq/iPSC-IMR90-E7-J10_1.fastq.gz,/home/lizhixin/project/scRNA-seq/rawData/May_2018/NganE_RNASeq_SS-180403-02a/primary_seq/iPSC-IMR90-E7-J10_2.fastq.gz
iPSC-IMR90-E7-J11,/home/lizhixin/project/scRNA-seq/rawData/May_2018/NganE_RNASeq_SS-180403-02a/primary_seq/iPSC-IMR90-E7-J11_1.fastq.gz,/home/lizhixin/project/scRNA-seq/rawData/May_2018/NganE_RNASeq_SS-180403-02a/primary_seq/iPSC-IMR90-E7-J11_2.fastq.gz
iPSC-IMR90-E7-J1,/home/lizhixin/project/scRNA-seq/rawData/May_2018/NganE_RNASeq_SS-180403-02a/primary_seq/iPSC-IMR90-E7-J1_1.fastq.gz,/home/lizhixin/project/scRNA-seq/rawData/May_2018/NganE_RNASeq_SS-180403-02a/primary_seq/iPSC-IMR90-E7-J1_2.fastq.gz
iPSC-IMR90-E7-J12,/home/lizhixin/project/scRNA-seq/rawData/May_2018/NganE_RNASeq_SS-180403-02a/primary_seq/iPSC-IMR90-E7-J12_1.fastq.gz,/home/lizhixin/project/scRNA-seq/rawData/May_2018/NganE_RNASeq_SS-180403-02a/primary_seq/iPSC-IMR90-E7-J12_2.fastq.gz
iPSC-IMR90-E7-J2,/home/lizhixin/project/scRNA-seq/rawData/May_2018/NganE_RNASeq_SS-180403-02a/primary_seq/iPSC-IMR90-E7-J2_1.fastq.gz,/home/lizhixin/project/scRNA-seq/rawData/May_2018/NganE_RNASeq_SS-180403-02a/primary_seq/iPSC-IMR90-E7-J2_2.fastq.gz
iPSC-IMR90-E7-J3,/home/lizhixin/project/scRNA-seq/rawData/May_2018/NganE_RNASeq_SS-180403-02a/primary_seq/iPSC-IMR90-E7-J3_1.fastq.gz,/home/lizhixin/project/scRNA-seq/rawData/May_2018/NganE_RNASeq_SS-180403-02a/primary_seq/iPSC-IMR90-E7-J3_2.fastq.gz
iPSC-IMR90-E7-J4,/home/lizhixin/project/scRNA-seq/rawData/May_2018/NganE_RNASeq_SS-180403-02a/primary_seq/iPSC-IMR90-E7-J4_1.fastq.gz,/home/lizhixin/project/scRNA-seq/rawData/May_2018/NganE_RNASeq_SS-180403-02a/primary_seq/iPSC-IMR90-E7-J4_2.fastq.gz
iPSC-IMR90-E7-J5,/home/lizhixin/project/scRNA-seq/rawData/May_2018/NganE_RNASeq_SS-180403-02a/primary_seq/iPSC-IMR90-E7-J5_1.fastq.gz,/home/lizhixin/project/scRNA-seq/rawData/May_2018/NganE_RNASeq_SS-180403-02a/primary_seq/iPSC-IMR90-E7-J5_2.fastq.gz
iPSC-IMR90-E7-J6,/home/lizhixin/project/scRNA-seq/rawData/May_2018/NganE_RNASeq_SS-180403-02a/primary_seq/iPSC-IMR90-E7-J6_1.fastq.gz,/home/lizhixin/project/scRNA-seq/rawData/May_2018/NganE_RNASeq_SS-180403-02a/primary_seq/iPSC-IMR90-E7-J6_2.fastq.gz
iPSC-IMR90-E7-J7,/home/lizhixin/project/scRNA-seq/rawData/May_2018/NganE_RNASeq_SS-180403-02a/primary_seq/iPSC-IMR90-E7-J7_1.fastq.gz,/home/lizhixin/project/scRNA-seq/rawData/May_2018/NganE_RNASeq_SS-180403-02a/primary_seq/iPSC-IMR90-E7-J7_2.fastq.gz
iPSC-IMR90-E7-J8,/home/lizhixin/project/scRNA-seq/rawData/May_2018/NganE_RNASeq_SS-180403-02a/primary_seq/iPSC-IMR90-E7-J8_1.fastq.gz,/home/lizhixin/project/scRNA-seq/rawData/May_2018/NganE_RNASeq_SS-180403-02a/primary_seq/iPSC-IMR90-E7-J8_2.fastq.gz
iPSC-IMR90-E7-J9,/home/lizhixin/project/scRNA-seq/rawData/May_2018/NganE_RNASeq_SS-180403-02a/primary_seq/iPSC-IMR90-E7-J9_1.fastq.gz,/home/lizhixin/project/scRNA-seq/rawData/May_2018/NganE_RNASeq_SS-180403-02a/primary_seq/iPSC-IMR90-E7-J9_2.fastq.gz
iPSC-IMR90-E7-K10,/home/lizhixin/project/scRNA-seq/rawData/May_2018/NganE_RNASeq_SS-180403-02a/primary_seq/iPSC-IMR90-E7-K10_1.fastq.gz,/home/lizhixin/project/scRNA-seq/rawData/May_2018/NganE_RNASeq_SS-180403-02a/primary_seq/iPSC-IMR90-E7-K10_2.fastq.gz
iPSC-IMR90-E7-K11,/home/lizhixin/project/scRNA-seq/rawData/May_2018/NganE_RNASeq_SS-180403-02a/primary_seq/iPSC-IMR90-E7-K11_1.fastq.gz,/home/lizhixin/project/scRNA-seq/rawData/May_2018/NganE_RNASeq_SS-180403-02a/primary_seq/iPSC-IMR90-E7-K11_2.fastq.gz
iPSC-IMR90-E7-K1,/home/lizhixin/project/scRNA-seq/rawData/May_2018/NganE_RNASeq_SS-180403-02a/primary_seq/iPSC-IMR90-E7-K1_1.fastq.gz,/home/lizhixin/project/scRNA-seq/rawData/May_2018/NganE_RNASeq_SS-180403-02a/primary_seq/iPSC-IMR90-E7-K1_2.fastq.gz
iPSC-IMR90-E7-K12,/home/lizhixin/project/scRNA-seq/rawData/May_2018/NganE_RNASeq_SS-180403-02a/primary_seq/iPSC-IMR90-E7-K12_1.fastq.gz,/home/lizhixin/project/scRNA-seq/rawData/May_2018/NganE_RNASeq_SS-180403-02a/primary_seq/iPSC-IMR90-E7-K12_2.fastq.gz
iPSC-IMR90-E7-K2,/home/lizhixin/project/scRNA-seq/rawData/May_2018/NganE_RNASeq_SS-180403-02a/primary_seq/iPSC-IMR90-E7-K2_1.fastq.gz,/home/lizhixin/project/scRNA-seq/rawData/May_2018/NganE_RNASeq_SS-180403-02a/primary_seq/iPSC-IMR90-E7-K2_2.fastq.gz
iPSC-IMR90-E7-K3,/home/lizhixin/project/scRNA-seq/rawData/May_2018/NganE_RNASeq_SS-180403-02a/primary_seq/iPSC-IMR90-E7-K3_1.fastq.gz,/home/lizhixin/project/scRNA-seq/rawData/May_2018/NganE_RNASeq_SS-180403-02a/primary_seq/iPSC-IMR90-E7-K3_2.fastq.gz
iPSC-IMR90-E7-K4,/home/lizhixin/project/scRNA-seq/rawData/May_2018/NganE_RNASeq_SS-180403-02a/primary_seq/iPSC-IMR90-E7-K4_1.fastq.gz,/home/lizhixin/project/scRNA-seq/rawData/May_2018/NganE_RNASeq_SS-180403-02a/primary_seq/iPSC-IMR90-E7-K4_2.fastq.gz
iPSC-IMR90-E7-K5,/home/lizhixin/project/scRNA-seq/rawData/May_2018/NganE_RNASeq_SS-180403-02a/primary_seq/iPSC-IMR90-E7-K5_1.fastq.gz,/home/lizhixin/project/scRNA-seq/rawData/May_2018/NganE_RNASeq_SS-180403-02a/primary_seq/iPSC-IMR90-E7-K5_2.fastq.gz
iPSC-IMR90-E7-K6,/home/lizhixin/project/scRNA-seq/rawData/May_2018/NganE_RNASeq_SS-180403-02a/primary_seq/iPSC-IMR90-E7-K6_1.fastq.gz,/home/lizhixin/project/scRNA-seq/rawData/May_2018/NganE_RNASeq_SS-180403-02a/primary_seq/iPSC-IMR90-E7-K6_2.fastq.gz
iPSC-IMR90-E7-K7,/home/lizhixin/project/scRNA-seq/rawData/May_2018/NganE_RNASeq_SS-180403-02a/primary_seq/iPSC-IMR90-E7-K7_1.fastq.gz,/home/lizhixin/project/scRNA-seq/rawData/May_2018/NganE_RNASeq_SS-180403-02a/primary_seq/iPSC-IMR90-E7-K7_2.fastq.gz
iPSC-IMR90-E7-K8,/home/lizhixin/project/scRNA-seq/rawData/May_2018/NganE_RNASeq_SS-180403-02a/primary_seq/iPSC-IMR90-E7-K8_1.fastq.gz,/home/lizhixin/project/scRNA-seq/rawData/May_2018/NganE_RNASeq_SS-180403-02a/primary_seq/iPSC-IMR90-E7-K8_2.fastq.gz
iPSC-IMR90-E7-K9,/home/lizhixin/project/scRNA-seq/rawData/May_2018/NganE_RNASeq_SS-180403-02a/primary_seq/iPSC-IMR90-E7-K9_1.fastq.gz,/home/lizhixin/project/scRNA-seq/rawData/May_2018/NganE_RNASeq_SS-180403-02a/primary_seq/iPSC-IMR90-E7-K9_2.fastq.gz
iPSC-IMR90-E7-L10,/home/lizhixin/project/scRNA-seq/rawData/May_2018/NganE_RNASeq_SS-180403-02a/primary_seq/iPSC-IMR90-E7-L10_1.fastq.gz,/home/lizhixin/project/scRNA-seq/rawData/May_2018/NganE_RNASeq_SS-180403-02a/primary_seq/iPSC-IMR90-E7-L10_2.fastq.gz
iPSC-IMR90-E7-L11,/home/lizhixin/project/scRNA-seq/rawData/May_2018/NganE_RNASeq_SS-180403-02a/primary_seq/iPSC-IMR90-E7-L11_1.fastq.gz,/home/lizhixin/project/scRNA-seq/rawData/May_2018/NganE_RNASeq_SS-180403-02a/primary_seq/iPSC-IMR90-E7-L11_2.fastq.gz
iPSC-IMR90-E7-L1,/home/lizhixin/project/scRNA-seq/rawData/May_2018/NganE_RNASeq_SS-180403-02a/primary_seq/iPSC-IMR90-E7-L1_1.fastq.gz,/home/lizhixin/project/scRNA-seq/rawData/May_2018/NganE_RNASeq_SS-180403-02a/primary_seq/iPSC-IMR90-E7-L1_2.fastq.gz
iPSC-IMR90-E7-L12,/home/lizhixin/project/scRNA-seq/rawData/May_2018/NganE_RNASeq_SS-180403-02a/primary_seq/iPSC-IMR90-E7-L12_1.fastq.gz,/home/lizhixin/project/scRNA-seq/rawData/May_2018/NganE_RNASeq_SS-180403-02a/primary_seq/iPSC-IMR90-E7-L12_2.fastq.gz
iPSC-IMR90-E7-L2,/home/lizhixin/project/scRNA-seq/rawData/May_2018/NganE_RNASeq_SS-180403-02a/primary_seq/iPSC-IMR90-E7-L2_1.fastq.gz,/home/lizhixin/project/scRNA-seq/rawData/May_2018/NganE_RNASeq_SS-180403-02a/primary_seq/iPSC-IMR90-E7-L2_2.fastq.gz
iPSC-IMR90-E7-L3,/home/lizhixin/project/scRNA-seq/rawData/May_2018/NganE_RNASeq_SS-180403-02a/primary_seq/iPSC-IMR90-E7-L3_1.fastq.gz,/home/lizhixin/project/scRNA-seq/rawData/May_2018/NganE_RNASeq_SS-180403-02a/primary_seq/iPSC-IMR90-E7-L3_2.fastq.gz
iPSC-IMR90-E7-L4,/home/lizhixin/project/scRNA-seq/rawData/May_2018/NganE_RNASeq_SS-180403-02a/primary_seq/iPSC-IMR90-E7-L4_1.fastq.gz,/home/lizhixin/project/scRNA-seq/rawData/May_2018/NganE_RNASeq_SS-180403-02a/primary_seq/iPSC-IMR90-E7-L4_2.fastq.gz
iPSC-IMR90-E7-L5,/home/lizhixin/project/scRNA-seq/rawData/May_2018/NganE_RNASeq_SS-180403-02a/primary_seq/iPSC-IMR90-E7-L5_1.fastq.gz,/home/lizhixin/project/scRNA-seq/rawData/May_2018/NganE_RNASeq_SS-180403-02a/primary_seq/iPSC-IMR90-E7-L5_2.fastq.gz
iPSC-IMR90-E7-L6,/home/lizhixin/project/scRNA-seq/rawData/May_2018/NganE_RNASeq_SS-180403-02a/primary_seq/iPSC-IMR90-E7-L6_1.fastq.gz,/home/lizhixin/project/scRNA-seq/rawData/May_2018/NganE_RNASeq_SS-180403-02a/primary_seq/iPSC-IMR90-E7-L6_2.fastq.gz
iPSC-IMR90-E7-L7,/home/lizhixin/project/scRNA-seq/rawData/May_2018/NganE_RNASeq_SS-180403-02a/primary_seq/iPSC-IMR90-E7-L7_1.fastq.gz,/home/lizhixin/project/scRNA-seq/rawData/May_2018/NganE_RNASeq_SS-180403-02a/primary_seq/iPSC-IMR90-E7-L7_2.fastq.gz
iPSC-IMR90-E7-L8,/home/lizhixin/project/scRNA-seq/rawData/May_2018/NganE_RNASeq_SS-180403-02a/primary_seq/iPSC-IMR90-E7-L8_1.fastq.gz,/home/lizhixin/project/scRNA-seq/rawData/May_2018/NganE_RNASeq_SS-180403-02a/primary_seq/iPSC-IMR90-E7-L8_2.fastq.gz
iPSC-IMR90-E7-L9,/home/lizhixin/project/scRNA-seq/rawData/May_2018/NganE_RNASeq_SS-180403-02a/primary_seq/iPSC-IMR90-E7-L9_1.fastq.gz,/home/lizhixin/project/scRNA-seq/rawData/May_2018/NganE_RNASeq_SS-180403-02a/primary_seq/iPSC-IMR90-E7-L9_2.fastq.gz
iPSC-IMR90-E7-M10,/home/lizhixin/project/scRNA-seq/rawData/May_2018/NganE_RNASeq_SS-180403-02a/primary_seq/iPSC-IMR90-E7-M10_1.fastq.gz,/home/lizhixin/project/scRNA-seq/rawData/May_2018/NganE_RNASeq_SS-180403-02a/primary_seq/iPSC-IMR90-E7-M10_2.fastq.gz
iPSC-IMR90-E7-M11,/home/lizhixin/project/scRNA-seq/rawData/May_2018/NganE_RNASeq_SS-180403-02a/primary_seq/iPSC-IMR90-E7-M11_1.fastq.gz,/home/lizhixin/project/scRNA-seq/rawData/May_2018/NganE_RNASeq_SS-180403-02a/primary_seq/iPSC-IMR90-E7-M11_2.fastq.gz
iPSC-IMR90-E7-M1,/home/lizhixin/project/scRNA-seq/rawData/May_2018/NganE_RNASeq_SS-180403-02a/primary_seq/iPSC-IMR90-E7-M1_1.fastq.gz,/home/lizhixin/project/scRNA-seq/rawData/May_2018/NganE_RNASeq_SS-180403-02a/primary_seq/iPSC-IMR90-E7-M1_2.fastq.gz
iPSC-IMR90-E7-M12,/home/lizhixin/project/scRNA-seq/rawData/May_2018/NganE_RNASeq_SS-180403-02a/primary_seq/iPSC-IMR90-E7-M12_1.fastq.gz,/home/lizhixin/project/scRNA-seq/rawData/May_2018/NganE_RNASeq_SS-180403-02a/primary_seq/iPSC-IMR90-E7-M12_2.fastq.gz
iPSC-IMR90-E7-M2,/home/lizhixin/project/scRNA-seq/rawData/May_2018/NganE_RNASeq_SS-180403-02a/primary_seq/iPSC-IMR90-E7-M2_1.fastq.gz,/home/lizhixin/project/scRNA-seq/rawData/May_2018/NganE_RNASeq_SS-180403-02a/primary_seq/iPSC-IMR90-E7-M2_2.fastq.gz
iPSC-IMR90-E7-M3,/home/lizhixin/project/scRNA-seq/rawData/May_2018/NganE_RNASeq_SS-180403-02a/primary_seq/iPSC-IMR90-E7-M3_1.fastq.gz,/home/lizhixin/project/scRNA-seq/rawData/May_2018/NganE_RNASeq_SS-180403-02a/primary_seq/iPSC-IMR90-E7-M3_2.fastq.gz
iPSC-IMR90-E7-M4,/home/lizhixin/project/scRNA-seq/rawData/May_2018/NganE_RNASeq_SS-180403-02a/primary_seq/iPSC-IMR90-E7-M4_1.fastq.gz,/home/lizhixin/project/scRNA-seq/rawData/May_2018/NganE_RNASeq_SS-180403-02a/primary_seq/iPSC-IMR90-E7-M4_2.fastq.gz
iPSC-IMR90-E7-M5,/home/lizhixin/project/scRNA-seq/rawData/May_2018/NganE_RNASeq_SS-180403-02a/primary_seq/iPSC-IMR90-E7-M5_1.fastq.gz,/home/lizhixin/project/scRNA-seq/rawData/May_2018/NganE_RNASeq_SS-180403-02a/primary_seq/iPSC-IMR90-E7-M5_2.fastq.gz
iPSC-IMR90-E7-M6,/home/lizhixin/project/scRNA-seq/rawData/May_2018/NganE_RNASeq_SS-180403-02a/primary_seq/iPSC-IMR90-E7-M6_1.fastq.gz,/home/lizhixin/project/scRNA-seq/rawData/May_2018/NganE_RNASeq_SS-180403-02a/primary_seq/iPSC-IMR90-E7-M6_2.fastq.gz
iPSC-IMR90-E7-M7,/home/lizhixin/project/scRNA-seq/rawData/May_2018/NganE_RNASeq_SS-180403-02a/primary_seq/iPSC-IMR90-E7-M7_1.fastq.gz,/home/lizhixin/project/scRNA-seq/rawData/May_2018/NganE_RNASeq_SS-180403-02a/primary_seq/iPSC-IMR90-E7-M7_2.fastq.gz
iPSC-IMR90-E7-M8,/home/lizhixin/project/scRNA-seq/rawData/May_2018/NganE_RNASeq_SS-180403-02a/primary_seq/iPSC-IMR90-E7-M8_1.fastq.gz,/home/lizhixin/project/scRNA-seq/rawData/May_2018/NganE_RNASeq_SS-180403-02a/primary_seq/iPSC-IMR90-E7-M8_2.fastq.gz
iPSC-IMR90-E7-M9,/home/lizhixin/project/scRNA-seq/rawData/May_2018/NganE_RNASeq_SS-180403-02a/primary_seq/iPSC-IMR90-E7-M9_1.fastq.gz,/home/lizhixin/project/scRNA-seq/rawData/May_2018/NganE_RNASeq_SS-180403-02a/primary_seq/iPSC-IMR90-E7-M9_2.fastq.gz
iPSC-IMR90-E7-N10,/home/lizhixin/project/scRNA-seq/rawData/May_2018/NganE_RNASeq_SS-180403-02a/primary_seq/iPSC-IMR90-E7-N10_1.fastq.gz,/home/lizhixin/project/scRNA-seq/rawData/May_2018/NganE_RNASeq_SS-180403-02a/primary_seq/iPSC-IMR90-E7-N10_2.fastq.gz
iPSC-IMR90-E7-N11,/home/lizhixin/project/scRNA-seq/rawData/May_2018/NganE_RNASeq_SS-180403-02a/primary_seq/iPSC-IMR90-E7-N11_1.fastq.gz,/home/lizhixin/project/scRNA-seq/rawData/May_2018/NganE_RNASeq_SS-180403-02a/primary_seq/iPSC-IMR90-E7-N11_2.fastq.gz
iPSC-IMR90-E7-N1,/home/lizhixin/project/scRNA-seq/rawData/May_2018/NganE_RNASeq_SS-180403-02a/primary_seq/iPSC-IMR90-E7-N1_1.fastq.gz,/home/lizhixin/project/scRNA-seq/rawData/May_2018/NganE_RNASeq_SS-180403-02a/primary_seq/iPSC-IMR90-E7-N1_2.fastq.gz
iPSC-IMR90-E7-N12,/home/lizhixin/project/scRNA-seq/rawData/May_2018/NganE_RNASeq_SS-180403-02a/primary_seq/iPSC-IMR90-E7-N12_1.fastq.gz,/home/lizhixin/project/scRNA-seq/rawData/May_2018/NganE_RNASeq_SS-180403-02a/primary_seq/iPSC-IMR90-E7-N12_2.fastq.gz
iPSC-IMR90-E7-N2,/home/lizhixin/project/scRNA-seq/rawData/May_2018/NganE_RNASeq_SS-180403-02a/primary_seq/iPSC-IMR90-E7-N2_1.fastq.gz,/home/lizhixin/project/scRNA-seq/rawData/May_2018/NganE_RNASeq_SS-180403-02a/primary_seq/iPSC-IMR90-E7-N2_2.fastq.gz
iPSC-IMR90-E7-N3,/home/lizhixin/project/scRNA-seq/rawData/May_2018/NganE_RNASeq_SS-180403-02a/primary_seq/iPSC-IMR90-E7-N3_1.fastq.gz,/home/lizhixin/project/scRNA-seq/rawData/May_2018/NganE_RNASeq_SS-180403-02a/primary_seq/iPSC-IMR90-E7-N3_2.fastq.gz
iPSC-IMR90-E7-N4,/home/lizhixin/project/scRNA-seq/rawData/May_2018/NganE_RNASeq_SS-180403-02a/primary_seq/iPSC-IMR90-E7-N4_1.fastq.gz,/home/lizhixin/project/scRNA-seq/rawData/May_2018/NganE_RNASeq_SS-180403-02a/primary_seq/iPSC-IMR90-E7-N4_2.fastq.gz
iPSC-IMR90-E7-N5,/home/lizhixin/project/scRNA-seq/rawData/May_2018/NganE_RNASeq_SS-180403-02a/primary_seq/iPSC-IMR90-E7-N5_1.fastq.gz,/home/lizhixin/project/scRNA-seq/rawData/May_2018/NganE_RNASeq_SS-180403-02a/primary_seq/iPSC-IMR90-E7-N5_2.fastq.gz
iPSC-IMR90-E7-N6,/home/lizhixin/project/scRNA-seq/rawData/May_2018/NganE_RNASeq_SS-180403-02a/primary_seq/iPSC-IMR90-E7-N6_1.fastq.gz,/home/lizhixin/project/scRNA-seq/rawData/May_2018/NganE_RNASeq_SS-180403-02a/primary_seq/iPSC-IMR90-E7-N6_2.fastq.gz
iPSC-IMR90-E7-N7,/home/lizhixin/project/scRNA-seq/rawData/May_2018/NganE_RNASeq_SS-180403-02a/primary_seq/iPSC-IMR90-E7-N7_1.fastq.gz,/home/lizhixin/project/scRNA-seq/rawData/May_2018/NganE_RNASeq_SS-180403-02a/primary_seq/iPSC-IMR90-E7-N7_2.fastq.gz
iPSC-IMR90-E7-N8,/home/lizhixin/project/scRNA-seq/rawData/May_2018/NganE_RNASeq_SS-180403-02a/primary_seq/iPSC-IMR90-E7-N8_1.fastq.gz,/home/lizhixin/project/scRNA-seq/rawData/May_2018/NganE_RNASeq_SS-180403-02a/primary_seq/iPSC-IMR90-E7-N8_2.fastq.gz
iPSC-IMR90-E7-N9,/home/lizhixin/project/scRNA-seq/rawData/May_2018/NganE_RNASeq_SS-180403-02a/primary_seq/iPSC-IMR90-E7-N9_1.fastq.gz,/home/lizhixin/project/scRNA-seq/rawData/May_2018/NganE_RNASeq_SS-180403-02a/primary_seq/iPSC-IMR90-E7-N9_2.fastq.gz
iPSC-IMR90-E7-O10,/home/lizhixin/project/scRNA-seq/rawData/May_2018/NganE_RNASeq_SS-180403-02a/primary_seq/iPSC-IMR90-E7-O10_1.fastq.gz,/home/lizhixin/project/scRNA-seq/rawData/May_2018/NganE_RNASeq_SS-180403-02a/primary_seq/iPSC-IMR90-E7-O10_2.fastq.gz
iPSC-IMR90-E7-O11,/home/lizhixin/project/scRNA-seq/rawData/May_2018/NganE_RNASeq_SS-180403-02a/primary_seq/iPSC-IMR90-E7-O11_1.fastq.gz,/home/lizhixin/project/scRNA-seq/rawData/May_2018/NganE_RNASeq_SS-180403-02a/primary_seq/iPSC-IMR90-E7-O11_2.fastq.gz
iPSC-IMR90-E7-O1,/home/lizhixin/project/scRNA-seq/rawData/May_2018/NganE_RNASeq_SS-180403-02a/primary_seq/iPSC-IMR90-E7-O1_1.fastq.gz,/home/lizhixin/project/scRNA-seq/rawData/May_2018/NganE_RNASeq_SS-180403-02a/primary_seq/iPSC-IMR90-E7-O1_2.fastq.gz
iPSC-IMR90-E7-O12,/home/lizhixin/project/scRNA-seq/rawData/May_2018/NganE_RNASeq_SS-180403-02a/primary_seq/iPSC-IMR90-E7-O12_1.fastq.gz,/home/lizhixin/project/scRNA-seq/rawData/May_2018/NganE_RNASeq_SS-180403-02a/primary_seq/iPSC-IMR90-E7-O12_2.fastq.gz
iPSC-IMR90-E7-O2,/home/lizhixin/project/scRNA-seq/rawData/May_2018/NganE_RNASeq_SS-180403-02a/primary_seq/iPSC-IMR90-E7-O2_1.fastq.gz,/home/lizhixin/project/scRNA-seq/rawData/May_2018/NganE_RNASeq_SS-180403-02a/primary_seq/iPSC-IMR90-E7-O2_2.fastq.gz
iPSC-IMR90-E7-O3,/home/lizhixin/project/scRNA-seq/rawData/May_2018/NganE_RNASeq_SS-180403-02a/primary_seq/iPSC-IMR90-E7-O3_1.fastq.gz,/home/lizhixin/project/scRNA-seq/rawData/May_2018/NganE_RNASeq_SS-180403-02a/primary_seq/iPSC-IMR90-E7-O3_2.fastq.gz
iPSC-IMR90-E7-O4,/home/lizhixin/project/scRNA-seq/rawData/May_2018/NganE_RNASeq_SS-180403-02a/primary_seq/iPSC-IMR90-E7-O4_1.fastq.gz,/home/lizhixin/project/scRNA-seq/rawData/May_2018/NganE_RNASeq_SS-180403-02a/primary_seq/iPSC-IMR90-E7-O4_2.fastq.gz
iPSC-IMR90-E7-O5,/home/lizhixin/project/scRNA-seq/rawData/May_2018/NganE_RNASeq_SS-180403-02a/primary_seq/iPSC-IMR90-E7-O5_1.fastq.gz,/home/lizhixin/project/scRNA-seq/rawData/May_2018/NganE_RNASeq_SS-180403-02a/primary_seq/iPSC-IMR90-E7-O5_2.fastq.gz
iPSC-IMR90-E7-O6,/home/lizhixin/project/scRNA-seq/rawData/May_2018/NganE_RNASeq_SS-180403-02a/primary_seq/iPSC-IMR90-E7-O6_1.fastq.gz,/home/lizhixin/project/scRNA-seq/rawData/May_2018/NganE_RNASeq_SS-180403-02a/primary_seq/iPSC-IMR90-E7-O6_2.fastq.gz
iPSC-IMR90-E7-O7,/home/lizhixin/project/scRNA-seq/rawData/May_2018/NganE_RNASeq_SS-180403-02a/primary_seq/iPSC-IMR90-E7-O7_1.fastq.gz,/home/lizhixin/project/scRNA-seq/rawData/May_2018/NganE_RNASeq_SS-180403-02a/primary_seq/iPSC-IMR90-E7-O7_2.fastq.gz
iPSC-IMR90-E7-O8,/home/lizhixin/project/scRNA-seq/rawData/May_2018/NganE_RNASeq_SS-180403-02a/primary_seq/iPSC-IMR90-E7-O8_1.fastq.gz,/home/lizhixin/project/scRNA-seq/rawData/May_2018/NganE_RNASeq_SS-180403-02a/primary_seq/iPSC-IMR90-E7-O8_2.fastq.gz
iPSC-IMR90-E7-O9,/home/lizhixin/project/scRNA-seq/rawData/May_2018/NganE_RNASeq_SS-180403-02a/primary_seq/iPSC-IMR90-E7-O9_1.fastq.gz,/home/lizhixin/project/scRNA-seq/rawData/May_2018/NganE_RNASeq_SS-180403-02a/primary_seq/iPSC-IMR90-E7-O9_2.fastq.gz
iPSC-IMR90-E7-P10,/home/lizhixin/project/scRNA-seq/rawData/May_2018/NganE_RNASeq_SS-180403-02a/primary_seq/iPSC-IMR90-E7-P10_1.fastq.gz,/home/lizhixin/project/scRNA-seq/rawData/May_2018/NganE_RNASeq_SS-180403-02a/primary_seq/iPSC-IMR90-E7-P10_2.fastq.gz
iPSC-IMR90-E7-P11,/home/lizhixin/project/scRNA-seq/rawData/May_2018/NganE_RNASeq_SS-180403-02a/primary_seq/iPSC-IMR90-E7-P11_1.fastq.gz,/home/lizhixin/project/scRNA-seq/rawData/May_2018/NganE_RNASeq_SS-180403-02a/primary_seq/iPSC-IMR90-E7-P11_2.fastq.gz
iPSC-IMR90-E7-P1,/home/lizhixin/project/scRNA-seq/rawData/May_2018/NganE_RNASeq_SS-180403-02a/primary_seq/iPSC-IMR90-E7-P1_1.fastq.gz,/home/lizhixin/project/scRNA-seq/rawData/May_2018/NganE_RNASeq_SS-180403-02a/primary_seq/iPSC-IMR90-E7-P1_2.fastq.gz
iPSC-IMR90-E7-P12,/home/lizhixin/project/scRNA-seq/rawData/May_2018/NganE_RNASeq_SS-180403-02a/primary_seq/iPSC-IMR90-E7-P12_1.fastq.gz,/home/lizhixin/project/scRNA-seq/rawData/May_2018/NganE_RNASeq_SS-180403-02a/primary_seq/iPSC-IMR90-E7-P12_2.fastq.gz
iPSC-IMR90-E7-P2,/home/lizhixin/project/scRNA-seq/rawData/May_2018/NganE_RNASeq_SS-180403-02a/primary_seq/iPSC-IMR90-E7-P2_1.fastq.gz,/home/lizhixin/project/scRNA-seq/rawData/May_2018/NganE_RNASeq_SS-180403-02a/primary_seq/iPSC-IMR90-E7-P2_2.fastq.gz
iPSC-IMR90-E7-P3,/home/lizhixin/project/scRNA-seq/rawData/May_2018/NganE_RNASeq_SS-180403-02a/primary_seq/iPSC-IMR90-E7-P3_1.fastq.gz,/home/lizhixin/project/scRNA-seq/rawData/May_2018/NganE_RNASeq_SS-180403-02a/primary_seq/iPSC-IMR90-E7-P3_2.fastq.gz
iPSC-IMR90-E7-P4,/home/lizhixin/project/scRNA-seq/rawData/May_2018/NganE_RNASeq_SS-180403-02a/primary_seq/iPSC-IMR90-E7-P4_1.fastq.gz,/home/lizhixin/project/scRNA-seq/rawData/May_2018/NganE_RNASeq_SS-180403-02a/primary_seq/iPSC-IMR90-E7-P4_2.fastq.gz
iPSC-IMR90-E7-P5,/home/lizhixin/project/scRNA-seq/rawData/May_2018/NganE_RNASeq_SS-180403-02a/primary_seq/iPSC-IMR90-E7-P5_1.fastq.gz,/home/lizhixin/project/scRNA-seq/rawData/May_2018/NganE_RNASeq_SS-180403-02a/primary_seq/iPSC-IMR90-E7-P5_2.fastq.gz
iPSC-IMR90-E7-P6,/home/lizhixin/project/scRNA-seq/rawData/May_2018/NganE_RNASeq_SS-180403-02a/primary_seq/iPSC-IMR90-E7-P6_1.fastq.gz,/home/lizhixin/project/scRNA-seq/rawData/May_2018/NganE_RNASeq_SS-180403-02a/primary_seq/iPSC-IMR90-E7-P6_2.fastq.gz
iPSC-IMR90-E7-P7,/home/lizhixin/project/scRNA-seq/rawData/May_2018/NganE_RNASeq_SS-180403-02a/primary_seq/iPSC-IMR90-E7-P7_1.fastq.gz,/home/lizhixin/project/scRNA-seq/rawData/May_2018/NganE_RNASeq_SS-180403-02a/primary_seq/iPSC-IMR90-E7-P7_2.fastq.gz
iPSC-IMR90-E7-P8,/home/lizhixin/project/scRNA-seq/rawData/May_2018/NganE_RNASeq_SS-180403-02a/primary_seq/iPSC-IMR90-E7-P8_1.fastq.gz,/home/lizhixin/project/scRNA-seq/rawData/May_2018/NganE_RNASeq_SS-180403-02a/primary_seq/iPSC-IMR90-E7-P8_2.fastq.gz
iPSC-IMR90-E7-P9,/home/lizhixin/project/scRNA-seq/rawData/May_2018/NganE_RNASeq_SS-180403-02a/primary_seq/iPSC-IMR90-E7-P9_1.fastq.gz,/home/lizhixin/project/scRNA-seq/rawData/May_2018/NganE_RNASeq_SS-180403-02a/primary_seq/iPSC-IMR90-E7-P9_2.fastq.gz
iPSC-UE-E8-A10,/home/lizhixin/project/scRNA-seq/rawData/May_2018/NganE_RNASeq_SS-180403-02a/primary_seq/iPSC-UE-E8-A10_1.fastq.gz,/home/lizhixin/project/scRNA-seq/rawData/May_2018/NganE_RNASeq_SS-180403-02a/primary_seq/iPSC-UE-E8-A10_2.fastq.gz
iPSC-UE-E8-A11,/home/lizhixin/project/scRNA-seq/rawData/May_2018/NganE_RNASeq_SS-180403-02a/primary_seq/iPSC-UE-E8-A11_1.fastq.gz,/home/lizhixin/project/scRNA-seq/rawData/May_2018/NganE_RNASeq_SS-180403-02a/primary_seq/iPSC-UE-E8-A11_2.fastq.gz
iPSC-UE-E8-A1,/home/lizhixin/project/scRNA-seq/rawData/May_2018/NganE_RNASeq_SS-180403-02a/primary_seq/iPSC-UE-E8-A1_1.fastq.gz,/home/lizhixin/project/scRNA-seq/rawData/May_2018/NganE_RNASeq_SS-180403-02a/primary_seq/iPSC-UE-E8-A1_2.fastq.gz
iPSC-UE-E8-A12,/home/lizhixin/project/scRNA-seq/rawData/May_2018/NganE_RNASeq_SS-180403-02a/primary_seq/iPSC-UE-E8-A12_1.fastq.gz,/home/lizhixin/project/scRNA-seq/rawData/May_2018/NganE_RNASeq_SS-180403-02a/primary_seq/iPSC-UE-E8-A12_2.fastq.gz
iPSC-UE-E8-A2,/home/lizhixin/project/scRNA-seq/rawData/May_2018/NganE_RNASeq_SS-180403-02a/primary_seq/iPSC-UE-E8-A2_1.fastq.gz,/home/lizhixin/project/scRNA-seq/rawData/May_2018/NganE_RNASeq_SS-180403-02a/primary_seq/iPSC-UE-E8-A2_2.fastq.gz
iPSC-UE-E8-A3,/home/lizhixin/project/scRNA-seq/rawData/May_2018/NganE_RNASeq_SS-180403-02a/primary_seq/iPSC-UE-E8-A3_1.fastq.gz,/home/lizhixin/project/scRNA-seq/rawData/May_2018/NganE_RNASeq_SS-180403-02a/primary_seq/iPSC-UE-E8-A3_2.fastq.gz
iPSC-UE-E8-A4,/home/lizhixin/project/scRNA-seq/rawData/May_2018/NganE_RNASeq_SS-180403-02a/primary_seq/iPSC-UE-E8-A4_1.fastq.gz,/home/lizhixin/project/scRNA-seq/rawData/May_2018/NganE_RNASeq_SS-180403-02a/primary_seq/iPSC-UE-E8-A4_2.fastq.gz
iPSC-UE-E8-A5,/home/lizhixin/project/scRNA-seq/rawData/May_2018/NganE_RNASeq_SS-180403-02a/primary_seq/iPSC-UE-E8-A5_1.fastq.gz,/home/lizhixin/project/scRNA-seq/rawData/May_2018/NganE_RNASeq_SS-180403-02a/primary_seq/iPSC-UE-E8-A5_2.fastq.gz
iPSC-UE-E8-A6,/home/lizhixin/project/scRNA-seq/rawData/May_2018/NganE_RNASeq_SS-180403-02a/primary_seq/iPSC-UE-E8-A6_1.fastq.gz,/home/lizhixin/project/scRNA-seq/rawData/May_2018/NganE_RNASeq_SS-180403-02a/primary_seq/iPSC-UE-E8-A6_2.fastq.gz
iPSC-UE-E8-A7,/home/lizhixin/project/scRNA-seq/rawData/May_2018/NganE_RNASeq_SS-180403-02a/primary_seq/iPSC-UE-E8-A7_1.fastq.gz,/home/lizhixin/project/scRNA-seq/rawData/May_2018/NganE_RNASeq_SS-180403-02a/primary_seq/iPSC-UE-E8-A7_2.fastq.gz
iPSC-UE-E8-A8,/home/lizhixin/project/scRNA-seq/rawData/May_2018/NganE_RNASeq_SS-180403-02a/primary_seq/iPSC-UE-E8-A8_1.fastq.gz,/home/lizhixin/project/scRNA-seq/rawData/May_2018/NganE_RNASeq_SS-180403-02a/primary_seq/iPSC-UE-E8-A8_2.fastq.gz
iPSC-UE-E8-A9,/home/lizhixin/project/scRNA-seq/rawData/May_2018/NganE_RNASeq_SS-180403-02a/primary_seq/iPSC-UE-E8-A9_1.fastq.gz,/home/lizhixin/project/scRNA-seq/rawData/May_2018/NganE_RNASeq_SS-180403-02a/primary_seq/iPSC-UE-E8-A9_2.fastq.gz
iPSC-UE-E8-B10,/home/lizhixin/project/scRNA-seq/rawData/May_2018/NganE_RNASeq_SS-180403-02a/primary_seq/iPSC-UE-E8-B10_1.fastq.gz,/home/lizhixin/project/scRNA-seq/rawData/May_2018/NganE_RNASeq_SS-180403-02a/primary_seq/iPSC-UE-E8-B10_2.fastq.gz
iPSC-UE-E8-B11,/home/lizhixin/project/scRNA-seq/rawData/May_2018/NganE_RNASeq_SS-180403-02a/primary_seq/iPSC-UE-E8-B11_1.fastq.gz,/home/lizhixin/project/scRNA-seq/rawData/May_2018/NganE_RNASeq_SS-180403-02a/primary_seq/iPSC-UE-E8-B11_2.fastq.gz
iPSC-UE-E8-B1,/home/lizhixin/project/scRNA-seq/rawData/May_2018/NganE_RNASeq_SS-180403-02a/primary_seq/iPSC-UE-E8-B1_1.fastq.gz,/home/lizhixin/project/scRNA-seq/rawData/May_2018/NganE_RNASeq_SS-180403-02a/primary_seq/iPSC-UE-E8-B1_2.fastq.gz
iPSC-UE-E8-B12,/home/lizhixin/project/scRNA-seq/rawData/May_2018/NganE_RNASeq_SS-180403-02a/primary_seq/iPSC-UE-E8-B12_1.fastq.gz,/home/lizhixin/project/scRNA-seq/rawData/May_2018/NganE_RNASeq_SS-180403-02a/primary_seq/iPSC-UE-E8-B12_2.fastq.gz
iPSC-UE-E8-B2,/home/lizhixin/project/scRNA-seq/rawData/May_2018/NganE_RNASeq_SS-180403-02a/primary_seq/iPSC-UE-E8-B2_1.fastq.gz,/home/lizhixin/project/scRNA-seq/rawData/May_2018/NganE_RNASeq_SS-180403-02a/primary_seq/iPSC-UE-E8-B2_2.fastq.gz
iPSC-UE-E8-B3,/home/lizhixin/project/scRNA-seq/rawData/May_2018/NganE_RNASeq_SS-180403-02a/primary_seq/iPSC-UE-E8-B3_1.fastq.gz,/home/lizhixin/project/scRNA-seq/rawData/May_2018/NganE_RNASeq_SS-180403-02a/primary_seq/iPSC-UE-E8-B3_2.fastq.gz
iPSC-UE-E8-B4,/home/lizhixin/project/scRNA-seq/rawData/May_2018/NganE_RNASeq_SS-180403-02a/primary_seq/iPSC-UE-E8-B4_1.fastq.gz,/home/lizhixin/project/scRNA-seq/rawData/May_2018/NganE_RNASeq_SS-180403-02a/primary_seq/iPSC-UE-E8-B4_2.fastq.gz
iPSC-UE-E8-B5,/home/lizhixin/project/scRNA-seq/rawData/May_2018/NganE_RNASeq_SS-180403-02a/primary_seq/iPSC-UE-E8-B5_1.fastq.gz,/home/lizhixin/project/scRNA-seq/rawData/May_2018/NganE_RNASeq_SS-180403-02a/primary_seq/iPSC-UE-E8-B5_2.fastq.gz
iPSC-UE-E8-B6,/home/lizhixin/project/scRNA-seq/rawData/May_2018/NganE_RNASeq_SS-180403-02a/primary_seq/iPSC-UE-E8-B6_1.fastq.gz,/home/lizhixin/project/scRNA-seq/rawData/May_2018/NganE_RNASeq_SS-180403-02a/primary_seq/iPSC-UE-E8-B6_2.fastq.gz
iPSC-UE-E8-B7,/home/lizhixin/project/scRNA-seq/rawData/May_2018/NganE_RNASeq_SS-180403-02a/primary_seq/iPSC-UE-E8-B7_1.fastq.gz,/home/lizhixin/project/scRNA-seq/rawData/May_2018/NganE_RNASeq_SS-180403-02a/primary_seq/iPSC-UE-E8-B7_2.fastq.gz
iPSC-UE-E8-B8,/home/lizhixin/project/scRNA-seq/rawData/May_2018/NganE_RNASeq_SS-180403-02a/primary_seq/iPSC-UE-E8-B8_1.fastq.gz,/home/lizhixin/project/scRNA-seq/rawData/May_2018/NganE_RNASeq_SS-180403-02a/primary_seq/iPSC-UE-E8-B8_2.fastq.gz
iPSC-UE-E8-B9,/home/lizhixin/project/scRNA-seq/rawData/May_2018/NganE_RNASeq_SS-180403-02a/primary_seq/iPSC-UE-E8-B9_1.fastq.gz,/home/lizhixin/project/scRNA-seq/rawData/May_2018/NganE_RNASeq_SS-180403-02a/primary_seq/iPSC-UE-E8-B9_2.fastq.gz
iPSC-UE-E8-E7-C10,/home/lizhixin/project/scRNA-seq/rawData/May_2018/NganE_RNASeq_SS-180403-02a/primary_seq/iPSC-UE-E8-E7-C10_1.fastq.gz,/home/lizhixin/project/scRNA-seq/rawData/May_2018/NganE_RNASeq_SS-180403-02a/primary_seq/iPSC-UE-E8-E7-C10_2.fastq.gz
iPSC-UE-E8-E7-C11,/home/lizhixin/project/scRNA-seq/rawData/May_2018/NganE_RNASeq_SS-180403-02a/primary_seq/iPSC-UE-E8-E7-C11_1.fastq.gz,/home/lizhixin/project/scRNA-seq/rawData/May_2018/NganE_RNASeq_SS-180403-02a/primary_seq/iPSC-UE-E8-E7-C11_2.fastq.gz
iPSC-UE-E8-E7-C1,/home/lizhixin/project/scRNA-seq/rawData/May_2018/NganE_RNASeq_SS-180403-02a/primary_seq/iPSC-UE-E8-E7-C1_1.fastq.gz,/home/lizhixin/project/scRNA-seq/rawData/May_2018/NganE_RNASeq_SS-180403-02a/primary_seq/iPSC-UE-E8-E7-C1_2.fastq.gz
iPSC-UE-E8-E7-C12,/home/lizhixin/project/scRNA-seq/rawData/May_2018/NganE_RNASeq_SS-180403-02a/primary_seq/iPSC-UE-E8-E7-C12_1.fastq.gz,/home/lizhixin/project/scRNA-seq/rawData/May_2018/NganE_RNASeq_SS-180403-02a/primary_seq/iPSC-UE-E8-E7-C12_2.fastq.gz
iPSC-UE-E8-E7-C2,/home/lizhixin/project/scRNA-seq/rawData/May_2018/NganE_RNASeq_SS-180403-02a/primary_seq/iPSC-UE-E8-E7-C2_1.fastq.gz,/home/lizhixin/project/scRNA-seq/rawData/May_2018/NganE_RNASeq_SS-180403-02a/primary_seq/iPSC-UE-E8-E7-C2_2.fastq.gz
iPSC-UE-E8-E7-C3,/home/lizhixin/project/scRNA-seq/rawData/May_2018/NganE_RNASeq_SS-180403-02a/primary_seq/iPSC-UE-E8-E7-C3_1.fastq.gz,/home/lizhixin/project/scRNA-seq/rawData/May_2018/NganE_RNASeq_SS-180403-02a/primary_seq/iPSC-UE-E8-E7-C3_2.fastq.gz
iPSC-UE-E8-E7-C4,/home/lizhixin/project/scRNA-seq/rawData/May_2018/NganE_RNASeq_SS-180403-02a/primary_seq/iPSC-UE-E8-E7-C4_1.fastq.gz,/home/lizhixin/project/scRNA-seq/rawData/May_2018/NganE_RNASeq_SS-180403-02a/primary_seq/iPSC-UE-E8-E7-C4_2.fastq.gz
iPSC-UE-E8-E7-C5,/home/lizhixin/project/scRNA-seq/rawData/May_2018/NganE_RNASeq_SS-180403-02a/primary_seq/iPSC-UE-E8-E7-C5_1.fastq.gz,/home/lizhixin/project/scRNA-seq/rawData/May_2018/NganE_RNASeq_SS-180403-02a/primary_seq/iPSC-UE-E8-E7-C5_2.fastq.gz
iPSC-UE-E8-E7-C6,/home/lizhixin/project/scRNA-seq/rawData/May_2018/NganE_RNASeq_SS-180403-02a/primary_seq/iPSC-UE-E8-E7-C6_1.fastq.gz,/home/lizhixin/project/scRNA-seq/rawData/May_2018/NganE_RNASeq_SS-180403-02a/primary_seq/iPSC-UE-E8-E7-C6_2.fastq.gz
iPSC-UE-E8-E7-C7,/home/lizhixin/project/scRNA-seq/rawData/May_2018/NganE_RNASeq_SS-180403-02a/primary_seq/iPSC-UE-E8-E7-C7_1.fastq.gz,/home/lizhixin/project/scRNA-seq/rawData/May_2018/NganE_RNASeq_SS-180403-02a/primary_seq/iPSC-UE-E8-E7-C7_2.fastq.gz
iPSC-UE-E8-E7-C8,/home/lizhixin/project/scRNA-seq/rawData/May_2018/NganE_RNASeq_SS-180403-02a/primary_seq/iPSC-UE-E8-E7-C8_1.fastq.gz,/home/lizhixin/project/scRNA-seq/rawData/May_2018/NganE_RNASeq_SS-180403-02a/primary_seq/iPSC-UE-E8-E7-C8_2.fastq.gz
iPSC-UE-E8-E7-C9,/home/lizhixin/project/scRNA-seq/rawData/May_2018/NganE_RNASeq_SS-180403-02a/primary_seq/iPSC-UE-E8-E7-C9_1.fastq.gz,/home/lizhixin/project/scRNA-seq/rawData/May_2018/NganE_RNASeq_SS-180403-02a/primary_seq/iPSC-UE-E8-E7-C9_2.fastq.gz
iPSC-UE-E8-E7-D10,/home/lizhixin/project/scRNA-seq/rawData/May_2018/NganE_RNASeq_SS-180403-02a/primary_seq/iPSC-UE-E8-E7-D10_1.fastq.gz,/home/lizhixin/project/scRNA-seq/rawData/May_2018/NganE_RNASeq_SS-180403-02a/primary_seq/iPSC-UE-E8-E7-D10_2.fastq.gz
iPSC-UE-E8-E7-D11,/home/lizhixin/project/scRNA-seq/rawData/May_2018/NganE_RNASeq_SS-180403-02a/primary_seq/iPSC-UE-E8-E7-D11_1.fastq.gz,/home/lizhixin/project/scRNA-seq/rawData/May_2018/NganE_RNASeq_SS-180403-02a/primary_seq/iPSC-UE-E8-E7-D11_2.fastq.gz
iPSC-UE-E8-E7-D1,/home/lizhixin/project/scRNA-seq/rawData/May_2018/NganE_RNASeq_SS-180403-02a/primary_seq/iPSC-UE-E8-E7-D1_1.fastq.gz,/home/lizhixin/project/scRNA-seq/rawData/May_2018/NganE_RNASeq_SS-180403-02a/primary_seq/iPSC-UE-E8-E7-D1_2.fastq.gz
iPSC-UE-E8-E7-D12,/home/lizhixin/project/scRNA-seq/rawData/May_2018/NganE_RNASeq_SS-180403-02a/primary_seq/iPSC-UE-E8-E7-D12_1.fastq.gz,/home/lizhixin/project/scRNA-seq/rawData/May_2018/NganE_RNASeq_SS-180403-02a/primary_seq/iPSC-UE-E8-E7-D12_2.fastq.gz
iPSC-UE-E8-E7-D2,/home/lizhixin/project/scRNA-seq/rawData/May_2018/NganE_RNASeq_SS-180403-02a/primary_seq/iPSC-UE-E8-E7-D2_1.fastq.gz,/home/lizhixin/project/scRNA-seq/rawData/May_2018/NganE_RNASeq_SS-180403-02a/primary_seq/iPSC-UE-E8-E7-D2_2.fastq.gz
iPSC-UE-E8-E7-D3,/home/lizhixin/project/scRNA-seq/rawData/May_2018/NganE_RNASeq_SS-180403-02a/primary_seq/iPSC-UE-E8-E7-D3_1.fastq.gz,/home/lizhixin/project/scRNA-seq/rawData/May_2018/NganE_RNASeq_SS-180403-02a/primary_seq/iPSC-UE-E8-E7-D3_2.fastq.gz
iPSC-UE-E8-E7-D4,/home/lizhixin/project/scRNA-seq/rawData/May_2018/NganE_RNASeq_SS-180403-02a/primary_seq/iPSC-UE-E8-E7-D4_1.fastq.gz,/home/lizhixin/project/scRNA-seq/rawData/May_2018/NganE_RNASeq_SS-180403-02a/primary_seq/iPSC-UE-E8-E7-D4_2.fastq.gz
iPSC-UE-E8-E7-D5,/home/lizhixin/project/scRNA-seq/rawData/May_2018/NganE_RNASeq_SS-180403-02a/primary_seq/iPSC-UE-E8-E7-D5_1.fastq.gz,/home/lizhixin/project/scRNA-seq/rawData/May_2018/NganE_RNASeq_SS-180403-02a/primary_seq/iPSC-UE-E8-E7-D5_2.fastq.gz
iPSC-UE-E8-E7-D6,/home/lizhixin/project/scRNA-seq/rawData/May_2018/NganE_RNASeq_SS-180403-02a/primary_seq/iPSC-UE-E8-E7-D6_1.fastq.gz,/home/lizhixin/project/scRNA-seq/rawData/May_2018/NganE_RNASeq_SS-180403-02a/primary_seq/iPSC-UE-E8-E7-D6_2.fastq.gz
iPSC-UE-E8-E7-D7,/home/lizhixin/project/scRNA-seq/rawData/May_2018/NganE_RNASeq_SS-180403-02a/primary_seq/iPSC-UE-E8-E7-D7_1.fastq.gz,/home/lizhixin/project/scRNA-seq/rawData/May_2018/NganE_RNASeq_SS-180403-02a/primary_seq/iPSC-UE-E8-E7-D7_2.fastq.gz
iPSC-UE-E8-E7-D8,/home/lizhixin/project/scRNA-seq/rawData/May_2018/NganE_RNASeq_SS-180403-02a/primary_seq/iPSC-UE-E8-E7-D8_1.fastq.gz,/home/lizhixin/project/scRNA-seq/rawData/May_2018/NganE_RNASeq_SS-180403-02a/primary_seq/iPSC-UE-E8-E7-D8_2.fastq.gz
iPSC-UE-E8-E7-D9,/home/lizhixin/project/scRNA-seq/rawData/May_2018/NganE_RNASeq_SS-180403-02a/primary_seq/iPSC-UE-E8-E7-D9_1.fastq.gz,/home/lizhixin/project/scRNA-seq/rawData/May_2018/NganE_RNASeq_SS-180403-02a/primary_seq/iPSC-UE-E8-E7-D9_2.fastq.gz
iPSC-UE-E8-E7-E10,/home/lizhixin/project/scRNA-seq/rawData/May_2018/NganE_RNASeq_SS-180403-02a/primary_seq/iPSC-UE-E8-E7-E10_1.fastq.gz,/home/lizhixin/project/scRNA-seq/rawData/May_2018/NganE_RNASeq_SS-180403-02a/primary_seq/iPSC-UE-E8-E7-E10_2.fastq.gz
iPSC-UE-E8-E7-E11,/home/lizhixin/project/scRNA-seq/rawData/May_2018/NganE_RNASeq_SS-180403-02a/primary_seq/iPSC-UE-E8-E7-E11_1.fastq.gz,/home/lizhixin/project/scRNA-seq/rawData/May_2018/NganE_RNASeq_SS-180403-02a/primary_seq/iPSC-UE-E8-E7-E11_2.fastq.gz
iPSC-UE-E8-E7-E1,/home/lizhixin/project/scRNA-seq/rawData/May_2018/NganE_RNASeq_SS-180403-02a/primary_seq/iPSC-UE-E8-E7-E1_1.fastq.gz,/home/lizhixin/project/scRNA-seq/rawData/May_2018/NganE_RNASeq_SS-180403-02a/primary_seq/iPSC-UE-E8-E7-E1_2.fastq.gz
iPSC-UE-E8-E7-E12,/home/lizhixin/project/scRNA-seq/rawData/May_2018/NganE_RNASeq_SS-180403-02a/primary_seq/iPSC-UE-E8-E7-E12_1.fastq.gz,/home/lizhixin/project/scRNA-seq/rawData/May_2018/NganE_RNASeq_SS-180403-02a/primary_seq/iPSC-UE-E8-E7-E12_2.fastq.gz
iPSC-UE-E8-E7-E2,/home/lizhixin/project/scRNA-seq/rawData/May_2018/NganE_RNASeq_SS-180403-02a/primary_seq/iPSC-UE-E8-E7-E2_1.fastq.gz,/home/lizhixin/project/scRNA-seq/rawData/May_2018/NganE_RNASeq_SS-180403-02a/primary_seq/iPSC-UE-E8-E7-E2_2.fastq.gz
iPSC-UE-E8-E7-E3,/home/lizhixin/project/scRNA-seq/rawData/May_2018/NganE_RNASeq_SS-180403-02a/primary_seq/iPSC-UE-E8-E7-E3_1.fastq.gz,/home/lizhixin/project/scRNA-seq/rawData/May_2018/NganE_RNASeq_SS-180403-02a/primary_seq/iPSC-UE-E8-E7-E3_2.fastq.gz
iPSC-UE-E8-E7-E4,/home/lizhixin/project/scRNA-seq/rawData/May_2018/NganE_RNASeq_SS-180403-02a/primary_seq/iPSC-UE-E8-E7-E4_1.fastq.gz,/home/lizhixin/project/scRNA-seq/rawData/May_2018/NganE_RNASeq_SS-180403-02a/primary_seq/iPSC-UE-E8-E7-E4_2.fastq.gz
iPSC-UE-E8-E7-E5,/home/lizhixin/project/scRNA-seq/rawData/May_2018/NganE_RNASeq_SS-180403-02a/primary_seq/iPSC-UE-E8-E7-E5_1.fastq.gz,/home/lizhixin/project/scRNA-seq/rawData/May_2018/NganE_RNASeq_SS-180403-02a/primary_seq/iPSC-UE-E8-E7-E5_2.fastq.gz
iPSC-UE-E8-E7-E6,/home/lizhixin/project/scRNA-seq/rawData/May_2018/NganE_RNASeq_SS-180403-02a/primary_seq/iPSC-UE-E8-E7-E6_1.fastq.gz,/home/lizhixin/project/scRNA-seq/rawData/May_2018/NganE_RNASeq_SS-180403-02a/primary_seq/iPSC-UE-E8-E7-E6_2.fastq.gz
iPSC-UE-E8-E7-E7,/home/lizhixin/project/scRNA-seq/rawData/May_2018/NganE_RNASeq_SS-180403-02a/primary_seq/iPSC-UE-E8-E7-E7_1.fastq.gz,/home/lizhixin/project/scRNA-seq/rawData/May_2018/NganE_RNASeq_SS-180403-02a/primary_seq/iPSC-UE-E8-E7-E7_2.fastq.gz
iPSC-UE-E8-E7-E8,/home/lizhixin/project/scRNA-seq/rawData/May_2018/NganE_RNASeq_SS-180403-02a/primary_seq/iPSC-UE-E8-E7-E8_1.fastq.gz,/home/lizhixin/project/scRNA-seq/rawData/May_2018/NganE_RNASeq_SS-180403-02a/primary_seq/iPSC-UE-E8-E7-E8_2.fastq.gz
iPSC-UE-E8-E7-E9,/home/lizhixin/project/scRNA-seq/rawData/May_2018/NganE_RNASeq_SS-180403-02a/primary_seq/iPSC-UE-E8-E7-E9_1.fastq.gz,/home/lizhixin/project/scRNA-seq/rawData/May_2018/NganE_RNASeq_SS-180403-02a/primary_seq/iPSC-UE-E8-E7-E9_2.fastq.gz
iPSC-UE-E8-F10,/home/lizhixin/project/scRNA-seq/rawData/May_2018/NganE_RNASeq_SS-180403-02a/primary_seq/iPSC-UE-E8-F10_1.fastq.gz,/home/lizhixin/project/scRNA-seq/rawData/May_2018/NganE_RNASeq_SS-180403-02a/primary_seq/iPSC-UE-E8-F10_2.fastq.gz
iPSC-UE-E8-F11,/home/lizhixin/project/scRNA-seq/rawData/May_2018/NganE_RNASeq_SS-180403-02a/primary_seq/iPSC-UE-E8-F11_1.fastq.gz,/home/lizhixin/project/scRNA-seq/rawData/May_2018/NganE_RNASeq_SS-180403-02a/primary_seq/iPSC-UE-E8-F11_2.fastq.gz
iPSC-UE-E8-F1,/home/lizhixin/project/scRNA-seq/rawData/May_2018/NganE_RNASeq_SS-180403-02a/primary_seq/iPSC-UE-E8-F1_1.fastq.gz,/home/lizhixin/project/scRNA-seq/rawData/May_2018/NganE_RNASeq_SS-180403-02a/primary_seq/iPSC-UE-E8-F1_2.fastq.gz
iPSC-UE-E8-F12,/home/lizhixin/project/scRNA-seq/rawData/May_2018/NganE_RNASeq_SS-180403-02a/primary_seq/iPSC-UE-E8-F12_1.fastq.gz,/home/lizhixin/project/scRNA-seq/rawData/May_2018/NganE_RNASeq_SS-180403-02a/primary_seq/iPSC-UE-E8-F12_2.fastq.gz
iPSC-UE-E8-F2,/home/lizhixin/project/scRNA-seq/rawData/May_2018/NganE_RNASeq_SS-180403-02a/primary_seq/iPSC-UE-E8-F2_1.fastq.gz,/home/lizhixin/project/scRNA-seq/rawData/May_2018/NganE_RNASeq_SS-180403-02a/primary_seq/iPSC-UE-E8-F2_2.fastq.gz
iPSC-UE-E8-F3,/home/lizhixin/project/scRNA-seq/rawData/May_2018/NganE_RNASeq_SS-180403-02a/primary_seq/iPSC-UE-E8-F3_1.fastq.gz,/home/lizhixin/project/scRNA-seq/rawData/May_2018/NganE_RNASeq_SS-180403-02a/primary_seq/iPSC-UE-E8-F3_2.fastq.gz
iPSC-UE-E8-F4,/home/lizhixin/project/scRNA-seq/rawData/May_2018/NganE_RNASeq_SS-180403-02a/primary_seq/iPSC-UE-E8-F4_1.fastq.gz,/home/lizhixin/project/scRNA-seq/rawData/May_2018/NganE_RNASeq_SS-180403-02a/primary_seq/iPSC-UE-E8-F4_2.fastq.gz
iPSC-UE-E8-F5,/home/lizhixin/project/scRNA-seq/rawData/May_2018/NganE_RNASeq_SS-180403-02a/primary_seq/iPSC-UE-E8-F5_1.fastq.gz,/home/lizhixin/project/scRNA-seq/rawData/May_2018/NganE_RNASeq_SS-180403-02a/primary_seq/iPSC-UE-E8-F5_2.fastq.gz
iPSC-UE-E8-F6,/home/lizhixin/project/scRNA-seq/rawData/May_2018/NganE_RNASeq_SS-180403-02a/primary_seq/iPSC-UE-E8-F6_1.fastq.gz,/home/lizhixin/project/scRNA-seq/rawData/May_2018/NganE_RNASeq_SS-180403-02a/primary_seq/iPSC-UE-E8-F6_2.fastq.gz
iPSC-UE-E8-F7,/home/lizhixin/project/scRNA-seq/rawData/May_2018/NganE_RNASeq_SS-180403-02a/primary_seq/iPSC-UE-E8-F7_1.fastq.gz,/home/lizhixin/project/scRNA-seq/rawData/May_2018/NganE_RNASeq_SS-180403-02a/primary_seq/iPSC-UE-E8-F7_2.fastq.gz
iPSC-UE-E8-F8,/home/lizhixin/project/scRNA-seq/rawData/May_2018/NganE_RNASeq_SS-180403-02a/primary_seq/iPSC-UE-E8-F8_1.fastq.gz,/home/lizhixin/project/scRNA-seq/rawData/May_2018/NganE_RNASeq_SS-180403-02a/primary_seq/iPSC-UE-E8-F8_2.fastq.gz
iPSC-UE-E8-F9,/home/lizhixin/project/scRNA-seq/rawData/May_2018/NganE_RNASeq_SS-180403-02a/primary_seq/iPSC-UE-E8-F9_1.fastq.gz,/home/lizhixin/project/scRNA-seq/rawData/May_2018/NganE_RNASeq_SS-180403-02a/primary_seq/iPSC-UE-E8-F9_2.fastq.gz
iPSC-UE-E8-G10,/home/lizhixin/project/scRNA-seq/rawData/May_2018/NganE_RNASeq_SS-180403-02a/primary_seq/iPSC-UE-E8-G10_1.fastq.gz,/home/lizhixin/project/scRNA-seq/rawData/May_2018/NganE_RNASeq_SS-180403-02a/primary_seq/iPSC-UE-E8-G10_2.fastq.gz
iPSC-UE-E8-G11,/home/lizhixin/project/scRNA-seq/rawData/May_2018/NganE_RNASeq_SS-180403-02a/primary_seq/iPSC-UE-E8-G11_1.fastq.gz,/home/lizhixin/project/scRNA-seq/rawData/May_2018/NganE_RNASeq_SS-180403-02a/primary_seq/iPSC-UE-E8-G11_2.fastq.gz
iPSC-UE-E8-G1,/home/lizhixin/project/scRNA-seq/rawData/May_2018/NganE_RNASeq_SS-180403-02a/primary_seq/iPSC-UE-E8-G1_1.fastq.gz,/home/lizhixin/project/scRNA-seq/rawData/May_2018/NganE_RNASeq_SS-180403-02a/primary_seq/iPSC-UE-E8-G1_2.fastq.gz
iPSC-UE-E8-G12,/home/lizhixin/project/scRNA-seq/rawData/May_2018/NganE_RNASeq_SS-180403-02a/primary_seq/iPSC-UE-E8-G12_1.fastq.gz,/home/lizhixin/project/scRNA-seq/rawData/May_2018/NganE_RNASeq_SS-180403-02a/primary_seq/iPSC-UE-E8-G12_2.fastq.gz
iPSC-UE-E8-G2,/home/lizhixin/project/scRNA-seq/rawData/May_2018/NganE_RNASeq_SS-180403-02a/primary_seq/iPSC-UE-E8-G2_1.fastq.gz,/home/lizhixin/project/scRNA-seq/rawData/May_2018/NganE_RNASeq_SS-180403-02a/primary_seq/iPSC-UE-E8-G2_2.fastq.gz
iPSC-UE-E8-G3,/home/lizhixin/project/scRNA-seq/rawData/May_2018/NganE_RNASeq_SS-180403-02a/primary_seq/iPSC-UE-E8-G3_1.fastq.gz,/home/lizhixin/project/scRNA-seq/rawData/May_2018/NganE_RNASeq_SS-180403-02a/primary_seq/iPSC-UE-E8-G3_2.fastq.gz
iPSC-UE-E8-G4,/home/lizhixin/project/scRNA-seq/rawData/May_2018/NganE_RNASeq_SS-180403-02a/primary_seq/iPSC-UE-E8-G4_1.fastq.gz,/home/lizhixin/project/scRNA-seq/rawData/May_2018/NganE_RNASeq_SS-180403-02a/primary_seq/iPSC-UE-E8-G4_2.fastq.gz
iPSC-UE-E8-G5,/home/lizhixin/project/scRNA-seq/rawData/May_2018/NganE_RNASeq_SS-180403-02a/primary_seq/iPSC-UE-E8-G5_1.fastq.gz,/home/lizhixin/project/scRNA-seq/rawData/May_2018/NganE_RNASeq_SS-180403-02a/primary_seq/iPSC-UE-E8-G5_2.fastq.gz
iPSC-UE-E8-G6,/home/lizhixin/project/scRNA-seq/rawData/May_2018/NganE_RNASeq_SS-180403-02a/primary_seq/iPSC-UE-E8-G6_1.fastq.gz,/home/lizhixin/project/scRNA-seq/rawData/May_2018/NganE_RNASeq_SS-180403-02a/primary_seq/iPSC-UE-E8-G6_2.fastq.gz
iPSC-UE-E8-G7,/home/lizhixin/project/scRNA-seq/rawData/May_2018/NganE_RNASeq_SS-180403-02a/primary_seq/iPSC-UE-E8-G7_1.fastq.gz,/home/lizhixin/project/scRNA-seq/rawData/May_2018/NganE_RNASeq_SS-180403-02a/primary_seq/iPSC-UE-E8-G7_2.fastq.gz
iPSC-UE-E8-G8,/home/lizhixin/project/scRNA-seq/rawData/May_2018/NganE_RNASeq_SS-180403-02a/primary_seq/iPSC-UE-E8-G8_1.fastq.gz,/home/lizhixin/project/scRNA-seq/rawData/May_2018/NganE_RNASeq_SS-180403-02a/primary_seq/iPSC-UE-E8-G8_2.fastq.gz
iPSC-UE-E8-G9,/home/lizhixin/project/scRNA-seq/rawData/May_2018/NganE_RNASeq_SS-180403-02a/primary_seq/iPSC-UE-E8-G9_1.fastq.gz,/home/lizhixin/project/scRNA-seq/rawData/May_2018/NganE_RNASeq_SS-180403-02a/primary_seq/iPSC-UE-E8-G9_2.fastq.gz
iPSC-UE-E8-H10,/home/lizhixin/project/scRNA-seq/rawData/May_2018/NganE_RNASeq_SS-180403-02a/primary_seq/iPSC-UE-E8-H10_1.fastq.gz,/home/lizhixin/project/scRNA-seq/rawData/May_2018/NganE_RNASeq_SS-180403-02a/primary_seq/iPSC-UE-E8-H10_2.fastq.gz
iPSC-UE-E8-H11,/home/lizhixin/project/scRNA-seq/rawData/May_2018/NganE_RNASeq_SS-180403-02a/primary_seq/iPSC-UE-E8-H11_1.fastq.gz,/home/lizhixin/project/scRNA-seq/rawData/May_2018/NganE_RNASeq_SS-180403-02a/primary_seq/iPSC-UE-E8-H11_2.fastq.gz
iPSC-UE-E8-H1,/home/lizhixin/project/scRNA-seq/rawData/May_2018/NganE_RNASeq_SS-180403-02a/primary_seq/iPSC-UE-E8-H1_1.fastq.gz,/home/lizhixin/project/scRNA-seq/rawData/May_2018/NganE_RNASeq_SS-180403-02a/primary_seq/iPSC-UE-E8-H1_2.fastq.gz
iPSC-UE-E8-H12,/home/lizhixin/project/scRNA-seq/rawData/May_2018/NganE_RNASeq_SS-180403-02a/primary_seq/iPSC-UE-E8-H12_1.fastq.gz,/home/lizhixin/project/scRNA-seq/rawData/May_2018/NganE_RNASeq_SS-180403-02a/primary_seq/iPSC-UE-E8-H12_2.fastq.gz
iPSC-UE-E8-H2,/home/lizhixin/project/scRNA-seq/rawData/May_2018/NganE_RNASeq_SS-180403-02a/primary_seq/iPSC-UE-E8-H2_1.fastq.gz,/home/lizhixin/project/scRNA-seq/rawData/May_2018/NganE_RNASeq_SS-180403-02a/primary_seq/iPSC-UE-E8-H2_2.fastq.gz
iPSC-UE-E8-H3,/home/lizhixin/project/scRNA-seq/rawData/May_2018/NganE_RNASeq_SS-180403-02a/primary_seq/iPSC-UE-E8-H3_1.fastq.gz,/home/lizhixin/project/scRNA-seq/rawData/May_2018/NganE_RNASeq_SS-180403-02a/primary_seq/iPSC-UE-E8-H3_2.fastq.gz
iPSC-UE-E8-H4,/home/lizhixin/project/scRNA-seq/rawData/May_2018/NganE_RNASeq_SS-180403-02a/primary_seq/iPSC-UE-E8-H4_1.fastq.gz,/home/lizhixin/project/scRNA-seq/rawData/May_2018/NganE_RNASeq_SS-180403-02a/primary_seq/iPSC-UE-E8-H4_2.fastq.gz
iPSC-UE-E8-H5,/home/lizhixin/project/scRNA-seq/rawData/May_2018/NganE_RNASeq_SS-180403-02a/primary_seq/iPSC-UE-E8-H5_1.fastq.gz,/home/lizhixin/project/scRNA-seq/rawData/May_2018/NganE_RNASeq_SS-180403-02a/primary_seq/iPSC-UE-E8-H5_2.fastq.gz
iPSC-UE-E8-H6,/home/lizhixin/project/scRNA-seq/rawData/May_2018/NganE_RNASeq_SS-180403-02a/primary_seq/iPSC-UE-E8-H6_1.fastq.gz,/home/lizhixin/project/scRNA-seq/rawData/May_2018/NganE_RNASeq_SS-180403-02a/primary_seq/iPSC-UE-E8-H6_2.fastq.gz
iPSC-UE-E8-H7,/home/lizhixin/project/scRNA-seq/rawData/May_2018/NganE_RNASeq_SS-180403-02a/primary_seq/iPSC-UE-E8-H7_1.fastq.gz,/home/lizhixin/project/scRNA-seq/rawData/May_2018/NganE_RNASeq_SS-180403-02a/primary_seq/iPSC-UE-E8-H7_2.fastq.gz
iPSC-UE-E8-H8,/home/lizhixin/project/scRNA-seq/rawData/May_2018/NganE_RNASeq_SS-180403-02a/primary_seq/iPSC-UE-E8-H8_1.fastq.gz,/home/lizhixin/project/scRNA-seq/rawData/May_2018/NganE_RNASeq_SS-180403-02a/primary_seq/iPSC-UE-E8-H8_2.fastq.gz
iPSC-UE-E8-H9,/home/lizhixin/project/scRNA-seq/rawData/May_2018/NganE_RNASeq_SS-180403-02a/primary_seq/iPSC-UE-E8-H9_1.fastq.gz,/home/lizhixin/project/scRNA-seq/rawData/May_2018/NganE_RNASeq_SS-180403-02a/primary_seq/iPSC-UE-E8-H9_2.fastq.gz
iPSC-UE-E8-I10,/home/lizhixin/project/scRNA-seq/rawData/May_2018/NganE_RNASeq_SS-180403-02a/primary_seq/iPSC-UE-E8-I10_1.fastq.gz,/home/lizhixin/project/scRNA-seq/rawData/May_2018/NganE_RNASeq_SS-180403-02a/primary_seq/iPSC-UE-E8-I10_2.fastq.gz
iPSC-UE-E8-I11,/home/lizhixin/project/scRNA-seq/rawData/May_2018/NganE_RNASeq_SS-180403-02a/primary_seq/iPSC-UE-E8-I11_1.fastq.gz,/home/lizhixin/project/scRNA-seq/rawData/May_2018/NganE_RNASeq_SS-180403-02a/primary_seq/iPSC-UE-E8-I11_2.fastq.gz
iPSC-UE-E8-I1,/home/lizhixin/project/scRNA-seq/rawData/May_2018/NganE_RNASeq_SS-180403-02a/primary_seq/iPSC-UE-E8-I1_1.fastq.gz,/home/lizhixin/project/scRNA-seq/rawData/May_2018/NganE_RNASeq_SS-180403-02a/primary_seq/iPSC-UE-E8-I1_2.fastq.gz
iPSC-UE-E8-I12,/home/lizhixin/project/scRNA-seq/rawData/May_2018/NganE_RNASeq_SS-180403-02a/primary_seq/iPSC-UE-E8-I12_1.fastq.gz,/home/lizhixin/project/scRNA-seq/rawData/May_2018/NganE_RNASeq_SS-180403-02a/primary_seq/iPSC-UE-E8-I12_2.fastq.gz
iPSC-UE-E8-I2,/home/lizhixin/project/scRNA-seq/rawData/May_2018/NganE_RNASeq_SS-180403-02a/primary_seq/iPSC-UE-E8-I2_1.fastq.gz,/home/lizhixin/project/scRNA-seq/rawData/May_2018/NganE_RNASeq_SS-180403-02a/primary_seq/iPSC-UE-E8-I2_2.fastq.gz
iPSC-UE-E8-I3,/home/lizhixin/project/scRNA-seq/rawData/May_2018/NganE_RNASeq_SS-180403-02a/primary_seq/iPSC-UE-E8-I3_1.fastq.gz,/home/lizhixin/project/scRNA-seq/rawData/May_2018/NganE_RNASeq_SS-180403-02a/primary_seq/iPSC-UE-E8-I3_2.fastq.gz
iPSC-UE-E8-I4,/home/lizhixin/project/scRNA-seq/rawData/May_2018/NganE_RNASeq_SS-180403-02a/primary_seq/iPSC-UE-E8-I4_1.fastq.gz,/home/lizhixin/project/scRNA-seq/rawData/May_2018/NganE_RNASeq_SS-180403-02a/primary_seq/iPSC-UE-E8-I4_2.fastq.gz
iPSC-UE-E8-I5,/home/lizhixin/project/scRNA-seq/rawData/May_2018/NganE_RNASeq_SS-180403-02a/primary_seq/iPSC-UE-E8-I5_1.fastq.gz,/home/lizhixin/project/scRNA-seq/rawData/May_2018/NganE_RNASeq_SS-180403-02a/primary_seq/iPSC-UE-E8-I5_2.fastq.gz
iPSC-UE-E8-I6,/home/lizhixin/project/scRNA-seq/rawData/May_2018/NganE_RNASeq_SS-180403-02a/primary_seq/iPSC-UE-E8-I6_1.fastq.gz,/home/lizhixin/project/scRNA-seq/rawData/May_2018/NganE_RNASeq_SS-180403-02a/primary_seq/iPSC-UE-E8-I6_2.fastq.gz
iPSC-UE-E8-I7,/home/lizhixin/project/scRNA-seq/rawData/May_2018/NganE_RNASeq_SS-180403-02a/primary_seq/iPSC-UE-E8-I7_1.fastq.gz,/home/lizhixin/project/scRNA-seq/rawData/May_2018/NganE_RNASeq_SS-180403-02a/primary_seq/iPSC-UE-E8-I7_2.fastq.gz
iPSC-UE-E8-I8,/home/lizhixin/project/scRNA-seq/rawData/May_2018/NganE_RNASeq_SS-180403-02a/primary_seq/iPSC-UE-E8-I8_1.fastq.gz,/home/lizhixin/project/scRNA-seq/rawData/May_2018/NganE_RNASeq_SS-180403-02a/primary_seq/iPSC-UE-E8-I8_2.fastq.gz
iPSC-UE-E8-I9,/home/lizhixin/project/scRNA-seq/rawData/May_2018/NganE_RNASeq_SS-180403-02a/primary_seq/iPSC-UE-E8-I9_1.fastq.gz,/home/lizhixin/project/scRNA-seq/rawData/May_2018/NganE_RNASeq_SS-180403-02a/primary_seq/iPSC-UE-E8-I9_2.fastq.gz
iPSC-UE-E8-J10,/home/lizhixin/project/scRNA-seq/rawData/May_2018/NganE_RNASeq_SS-180403-02a/primary_seq/iPSC-UE-E8-J10_1.fastq.gz,/home/lizhixin/project/scRNA-seq/rawData/May_2018/NganE_RNASeq_SS-180403-02a/primary_seq/iPSC-UE-E8-J10_2.fastq.gz
iPSC-UE-E8-J11,/home/lizhixin/project/scRNA-seq/rawData/May_2018/NganE_RNASeq_SS-180403-02a/primary_seq/iPSC-UE-E8-J11_1.fastq.gz,/home/lizhixin/project/scRNA-seq/rawData/May_2018/NganE_RNASeq_SS-180403-02a/primary_seq/iPSC-UE-E8-J11_2.fastq.gz
iPSC-UE-E8-J1,/home/lizhixin/project/scRNA-seq/rawData/May_2018/NganE_RNASeq_SS-180403-02a/primary_seq/iPSC-UE-E8-J1_1.fastq.gz,/home/lizhixin/project/scRNA-seq/rawData/May_2018/NganE_RNASeq_SS-180403-02a/primary_seq/iPSC-UE-E8-J1_2.fastq.gz
iPSC-UE-E8-J12,/home/lizhixin/project/scRNA-seq/rawData/May_2018/NganE_RNASeq_SS-180403-02a/primary_seq/iPSC-UE-E8-J12_1.fastq.gz,/home/lizhixin/project/scRNA-seq/rawData/May_2018/NganE_RNASeq_SS-180403-02a/primary_seq/iPSC-UE-E8-J12_2.fastq.gz
iPSC-UE-E8-J2,/home/lizhixin/project/scRNA-seq/rawData/May_2018/NganE_RNASeq_SS-180403-02a/primary_seq/iPSC-UE-E8-J2_1.fastq.gz,/home/lizhixin/project/scRNA-seq/rawData/May_2018/NganE_RNASeq_SS-180403-02a/primary_seq/iPSC-UE-E8-J2_2.fastq.gz
iPSC-UE-E8-J3,/home/lizhixin/project/scRNA-seq/rawData/May_2018/NganE_RNASeq_SS-180403-02a/primary_seq/iPSC-UE-E8-J3_1.fastq.gz,/home/lizhixin/project/scRNA-seq/rawData/May_2018/NganE_RNASeq_SS-180403-02a/primary_seq/iPSC-UE-E8-J3_2.fastq.gz
iPSC-UE-E8-J4,/home/lizhixin/project/scRNA-seq/rawData/May_2018/NganE_RNASeq_SS-180403-02a/primary_seq/iPSC-UE-E8-J4_1.fastq.gz,/home/lizhixin/project/scRNA-seq/rawData/May_2018/NganE_RNASeq_SS-180403-02a/primary_seq/iPSC-UE-E8-J4_2.fastq.gz
iPSC-UE-E8-J5,/home/lizhixin/project/scRNA-seq/rawData/May_2018/NganE_RNASeq_SS-180403-02a/primary_seq/iPSC-UE-E8-J5_1.fastq.gz,/home/lizhixin/project/scRNA-seq/rawData/May_2018/NganE_RNASeq_SS-180403-02a/primary_seq/iPSC-UE-E8-J5_2.fastq.gz
iPSC-UE-E8-J6,/home/lizhixin/project/scRNA-seq/rawData/May_2018/NganE_RNASeq_SS-180403-02a/primary_seq/iPSC-UE-E8-J6_1.fastq.gz,/home/lizhixin/project/scRNA-seq/rawData/May_2018/NganE_RNASeq_SS-180403-02a/primary_seq/iPSC-UE-E8-J6_2.fastq.gz
iPSC-UE-E8-J7,/home/lizhixin/project/scRNA-seq/rawData/May_2018/NganE_RNASeq_SS-180403-02a/primary_seq/iPSC-UE-E8-J7_1.fastq.gz,/home/lizhixin/project/scRNA-seq/rawData/May_2018/NganE_RNASeq_SS-180403-02a/primary_seq/iPSC-UE-E8-J7_2.fastq.gz
iPSC-UE-E8-J8,/home/lizhixin/project/scRNA-seq/rawData/May_2018/NganE_RNASeq_SS-180403-02a/primary_seq/iPSC-UE-E8-J8_1.fastq.gz,/home/lizhixin/project/scRNA-seq/rawData/May_2018/NganE_RNASeq_SS-180403-02a/primary_seq/iPSC-UE-E8-J8_2.fastq.gz
iPSC-UE-E8-J9,/home/lizhixin/project/scRNA-seq/rawData/May_2018/NganE_RNASeq_SS-180403-02a/primary_seq/iPSC-UE-E8-J9_1.fastq.gz,/home/lizhixin/project/scRNA-seq/rawData/May_2018/NganE_RNASeq_SS-180403-02a/primary_seq/iPSC-UE-E8-J9_2.fastq.gz
iPSC-UE-E8-K10,/home/lizhixin/project/scRNA-seq/rawData/May_2018/NganE_RNASeq_SS-180403-02a/primary_seq/iPSC-UE-E8-K10_1.fastq.gz,/home/lizhixin/project/scRNA-seq/rawData/May_2018/NganE_RNASeq_SS-180403-02a/primary_seq/iPSC-UE-E8-K10_2.fastq.gz
iPSC-UE-E8-K11,/home/lizhixin/project/scRNA-seq/rawData/May_2018/NganE_RNASeq_SS-180403-02a/primary_seq/iPSC-UE-E8-K11_1.fastq.gz,/home/lizhixin/project/scRNA-seq/rawData/May_2018/NganE_RNASeq_SS-180403-02a/primary_seq/iPSC-UE-E8-K11_2.fastq.gz
iPSC-UE-E8-K1,/home/lizhixin/project/scRNA-seq/rawData/May_2018/NganE_RNASeq_SS-180403-02a/primary_seq/iPSC-UE-E8-K1_1.fastq.gz,/home/lizhixin/project/scRNA-seq/rawData/May_2018/NganE_RNASeq_SS-180403-02a/primary_seq/iPSC-UE-E8-K1_2.fastq.gz
iPSC-UE-E8-K12,/home/lizhixin/project/scRNA-seq/rawData/May_2018/NganE_RNASeq_SS-180403-02a/primary_seq/iPSC-UE-E8-K12_1.fastq.gz,/home/lizhixin/project/scRNA-seq/rawData/May_2018/NganE_RNASeq_SS-180403-02a/primary_seq/iPSC-UE-E8-K12_2.fastq.gz
iPSC-UE-E8-K2,/home/lizhixin/project/scRNA-seq/rawData/May_2018/NganE_RNASeq_SS-180403-02a/primary_seq/iPSC-UE-E8-K2_1.fastq.gz,/home/lizhixin/project/scRNA-seq/rawData/May_2018/NganE_RNASeq_SS-180403-02a/primary_seq/iPSC-UE-E8-K2_2.fastq.gz
iPSC-UE-E8-K3,/home/lizhixin/project/scRNA-seq/rawData/May_2018/NganE_RNASeq_SS-180403-02a/primary_seq/iPSC-UE-E8-K3_1.fastq.gz,/home/lizhixin/project/scRNA-seq/rawData/May_2018/NganE_RNASeq_SS-180403-02a/primary_seq/iPSC-UE-E8-K3_2.fastq.gz
iPSC-UE-E8-K4,/home/lizhixin/project/scRNA-seq/rawData/May_2018/NganE_RNASeq_SS-180403-02a/primary_seq/iPSC-UE-E8-K4_1.fastq.gz,/home/lizhixin/project/scRNA-seq/rawData/May_2018/NganE_RNASeq_SS-180403-02a/primary_seq/iPSC-UE-E8-K4_2.fastq.gz
iPSC-UE-E8-K5,/home/lizhixin/project/scRNA-seq/rawData/May_2018/NganE_RNASeq_SS-180403-02a/primary_seq/iPSC-UE-E8-K5_1.fastq.gz,/home/lizhixin/project/scRNA-seq/rawData/May_2018/NganE_RNASeq_SS-180403-02a/primary_seq/iPSC-UE-E8-K5_2.fastq.gz
iPSC-UE-E8-K6,/home/lizhixin/project/scRNA-seq/rawData/May_2018/NganE_RNASeq_SS-180403-02a/primary_seq/iPSC-UE-E8-K6_1.fastq.gz,/home/lizhixin/project/scRNA-seq/rawData/May_2018/NganE_RNASeq_SS-180403-02a/primary_seq/iPSC-UE-E8-K6_2.fastq.gz
iPSC-UE-E8-K7,/home/lizhixin/project/scRNA-seq/rawData/May_2018/NganE_RNASeq_SS-180403-02a/primary_seq/iPSC-UE-E8-K7_1.fastq.gz,/home/lizhixin/project/scRNA-seq/rawData/May_2018/NganE_RNASeq_SS-180403-02a/primary_seq/iPSC-UE-E8-K7_2.fastq.gz
iPSC-UE-E8-K8,/home/lizhixin/project/scRNA-seq/rawData/May_2018/NganE_RNASeq_SS-180403-02a/primary_seq/iPSC-UE-E8-K8_1.fastq.gz,/home/lizhixin/project/scRNA-seq/rawData/May_2018/NganE_RNASeq_SS-180403-02a/primary_seq/iPSC-UE-E8-K8_2.fastq.gz
iPSC-UE-E8-K9,/home/lizhixin/project/scRNA-seq/rawData/May_2018/NganE_RNASeq_SS-180403-02a/primary_seq/iPSC-UE-E8-K9_1.fastq.gz,/home/lizhixin/project/scRNA-seq/rawData/May_2018/NganE_RNASeq_SS-180403-02a/primary_seq/iPSC-UE-E8-K9_2.fastq.gz
iPSC-UE-E8-L10,/home/lizhixin/project/scRNA-seq/rawData/May_2018/NganE_RNASeq_SS-180403-02a/primary_seq/iPSC-UE-E8-L10_1.fastq.gz,/home/lizhixin/project/scRNA-seq/rawData/May_2018/NganE_RNASeq_SS-180403-02a/primary_seq/iPSC-UE-E8-L10_2.fastq.gz
iPSC-UE-E8-L11,/home/lizhixin/project/scRNA-seq/rawData/May_2018/NganE_RNASeq_SS-180403-02a/primary_seq/iPSC-UE-E8-L11_1.fastq.gz,/home/lizhixin/project/scRNA-seq/rawData/May_2018/NganE_RNASeq_SS-180403-02a/primary_seq/iPSC-UE-E8-L11_2.fastq.gz
iPSC-UE-E8-L1,/home/lizhixin/project/scRNA-seq/rawData/May_2018/NganE_RNASeq_SS-180403-02a/primary_seq/iPSC-UE-E8-L1_1.fastq.gz,/home/lizhixin/project/scRNA-seq/rawData/May_2018/NganE_RNASeq_SS-180403-02a/primary_seq/iPSC-UE-E8-L1_2.fastq.gz
iPSC-UE-E8-L12,/home/lizhixin/project/scRNA-seq/rawData/May_2018/NganE_RNASeq_SS-180403-02a/primary_seq/iPSC-UE-E8-L12_1.fastq.gz,/home/lizhixin/project/scRNA-seq/rawData/May_2018/NganE_RNASeq_SS-180403-02a/primary_seq/iPSC-UE-E8-L12_2.fastq.gz
iPSC-UE-E8-L2,/home/lizhixin/project/scRNA-seq/rawData/May_2018/NganE_RNASeq_SS-180403-02a/primary_seq/iPSC-UE-E8-L2_1.fastq.gz,/home/lizhixin/project/scRNA-seq/rawData/May_2018/NganE_RNASeq_SS-180403-02a/primary_seq/iPSC-UE-E8-L2_2.fastq.gz
iPSC-UE-E8-L3,/home/lizhixin/project/scRNA-seq/rawData/May_2018/NganE_RNASeq_SS-180403-02a/primary_seq/iPSC-UE-E8-L3_1.fastq.gz,/home/lizhixin/project/scRNA-seq/rawData/May_2018/NganE_RNASeq_SS-180403-02a/primary_seq/iPSC-UE-E8-L3_2.fastq.gz
iPSC-UE-E8-L4,/home/lizhixin/project/scRNA-seq/rawData/May_2018/NganE_RNASeq_SS-180403-02a/primary_seq/iPSC-UE-E8-L4_1.fastq.gz,/home/lizhixin/project/scRNA-seq/rawData/May_2018/NganE_RNASeq_SS-180403-02a/primary_seq/iPSC-UE-E8-L4_2.fastq.gz
iPSC-UE-E8-L5,/home/lizhixin/project/scRNA-seq/rawData/May_2018/NganE_RNASeq_SS-180403-02a/primary_seq/iPSC-UE-E8-L5_1.fastq.gz,/home/lizhixin/project/scRNA-seq/rawData/May_2018/NganE_RNASeq_SS-180403-02a/primary_seq/iPSC-UE-E8-L5_2.fastq.gz
iPSC-UE-E8-L6,/home/lizhixin/project/scRNA-seq/rawData/May_2018/NganE_RNASeq_SS-180403-02a/primary_seq/iPSC-UE-E8-L6_1.fastq.gz,/home/lizhixin/project/scRNA-seq/rawData/May_2018/NganE_RNASeq_SS-180403-02a/primary_seq/iPSC-UE-E8-L6_2.fastq.gz
iPSC-UE-E8-L7,/home/lizhixin/project/scRNA-seq/rawData/May_2018/NganE_RNASeq_SS-180403-02a/primary_seq/iPSC-UE-E8-L7_1.fastq.gz,/home/lizhixin/project/scRNA-seq/rawData/May_2018/NganE_RNASeq_SS-180403-02a/primary_seq/iPSC-UE-E8-L7_2.fastq.gz
iPSC-UE-E8-L8,/home/lizhixin/project/scRNA-seq/rawData/May_2018/NganE_RNASeq_SS-180403-02a/primary_seq/iPSC-UE-E8-L8_1.fastq.gz,/home/lizhixin/project/scRNA-seq/rawData/May_2018/NganE_RNASeq_SS-180403-02a/primary_seq/iPSC-UE-E8-L8_2.fastq.gz
iPSC-UE-E8-L9,/home/lizhixin/project/scRNA-seq/rawData/May_2018/NganE_RNASeq_SS-180403-02a/primary_seq/iPSC-UE-E8-L9_1.fastq.gz,/home/lizhixin/project/scRNA-seq/rawData/May_2018/NganE_RNASeq_SS-180403-02a/primary_seq/iPSC-UE-E8-L9_2.fastq.gz
iPSC-UE-E8-M10,/home/lizhixin/project/scRNA-seq/rawData/May_2018/NganE_RNASeq_SS-180403-02a/primary_seq/iPSC-UE-E8-M10_1.fastq.gz,/home/lizhixin/project/scRNA-seq/rawData/May_2018/NganE_RNASeq_SS-180403-02a/primary_seq/iPSC-UE-E8-M10_2.fastq.gz
iPSC-UE-E8-M11,/home/lizhixin/project/scRNA-seq/rawData/May_2018/NganE_RNASeq_SS-180403-02a/primary_seq/iPSC-UE-E8-M11_1.fastq.gz,/home/lizhixin/project/scRNA-seq/rawData/May_2018/NganE_RNASeq_SS-180403-02a/primary_seq/iPSC-UE-E8-M11_2.fastq.gz
iPSC-UE-E8-M1,/home/lizhixin/project/scRNA-seq/rawData/May_2018/NganE_RNASeq_SS-180403-02a/primary_seq/iPSC-UE-E8-M1_1.fastq.gz,/home/lizhixin/project/scRNA-seq/rawData/May_2018/NganE_RNASeq_SS-180403-02a/primary_seq/iPSC-UE-E8-M1_2.fastq.gz
iPSC-UE-E8-M12,/home/lizhixin/project/scRNA-seq/rawData/May_2018/NganE_RNASeq_SS-180403-02a/primary_seq/iPSC-UE-E8-M12_1.fastq.gz,/home/lizhixin/project/scRNA-seq/rawData/May_2018/NganE_RNASeq_SS-180403-02a/primary_seq/iPSC-UE-E8-M12_2.fastq.gz
iPSC-UE-E8-M2,/home/lizhixin/project/scRNA-seq/rawData/May_2018/NganE_RNASeq_SS-180403-02a/primary_seq/iPSC-UE-E8-M2_1.fastq.gz,/home/lizhixin/project/scRNA-seq/rawData/May_2018/NganE_RNASeq_SS-180403-02a/primary_seq/iPSC-UE-E8-M2_2.fastq.gz
iPSC-UE-E8-M3,/home/lizhixin/project/scRNA-seq/rawData/May_2018/NganE_RNASeq_SS-180403-02a/primary_seq/iPSC-UE-E8-M3_1.fastq.gz,/home/lizhixin/project/scRNA-seq/rawData/May_2018/NganE_RNASeq_SS-180403-02a/primary_seq/iPSC-UE-E8-M3_2.fastq.gz
iPSC-UE-E8-M4,/home/lizhixin/project/scRNA-seq/rawData/May_2018/NganE_RNASeq_SS-180403-02a/primary_seq/iPSC-UE-E8-M4_1.fastq.gz,/home/lizhixin/project/scRNA-seq/rawData/May_2018/NganE_RNASeq_SS-180403-02a/primary_seq/iPSC-UE-E8-M4_2.fastq.gz
iPSC-UE-E8-M5,/home/lizhixin/project/scRNA-seq/rawData/May_2018/NganE_RNASeq_SS-180403-02a/primary_seq/iPSC-UE-E8-M5_1.fastq.gz,/home/lizhixin/project/scRNA-seq/rawData/May_2018/NganE_RNASeq_SS-180403-02a/primary_seq/iPSC-UE-E8-M5_2.fastq.gz
iPSC-UE-E8-M6,/home/lizhixin/project/scRNA-seq/rawData/May_2018/NganE_RNASeq_SS-180403-02a/primary_seq/iPSC-UE-E8-M6_1.fastq.gz,/home/lizhixin/project/scRNA-seq/rawData/May_2018/NganE_RNASeq_SS-180403-02a/primary_seq/iPSC-UE-E8-M6_2.fastq.gz
iPSC-UE-E8-M7,/home/lizhixin/project/scRNA-seq/rawData/May_2018/NganE_RNASeq_SS-180403-02a/primary_seq/iPSC-UE-E8-M7_1.fastq.gz,/home/lizhixin/project/scRNA-seq/rawData/May_2018/NganE_RNASeq_SS-180403-02a/primary_seq/iPSC-UE-E8-M7_2.fastq.gz
iPSC-UE-E8-M8,/home/lizhixin/project/scRNA-seq/rawData/May_2018/NganE_RNASeq_SS-180403-02a/primary_seq/iPSC-UE-E8-M8_1.fastq.gz,/home/lizhixin/project/scRNA-seq/rawData/May_2018/NganE_RNASeq_SS-180403-02a/primary_seq/iPSC-UE-E8-M8_2.fastq.gz
iPSC-UE-E8-M9,/home/lizhixin/project/scRNA-seq/rawData/May_2018/NganE_RNASeq_SS-180403-02a/primary_seq/iPSC-UE-E8-M9_1.fastq.gz,/home/lizhixin/project/scRNA-seq/rawData/May_2018/NganE_RNASeq_SS-180403-02a/primary_seq/iPSC-UE-E8-M9_2.fastq.gz
iPSC-UE-E8-N10,/home/lizhixin/project/scRNA-seq/rawData/May_2018/NganE_RNASeq_SS-180403-02a/primary_seq/iPSC-UE-E8-N10_1.fastq.gz,/home/lizhixin/project/scRNA-seq/rawData/May_2018/NganE_RNASeq_SS-180403-02a/primary_seq/iPSC-UE-E8-N10_2.fastq.gz
iPSC-UE-E8-N11,/home/lizhixin/project/scRNA-seq/rawData/May_2018/NganE_RNASeq_SS-180403-02a/primary_seq/iPSC-UE-E8-N11_1.fastq.gz,/home/lizhixin/project/scRNA-seq/rawData/May_2018/NganE_RNASeq_SS-180403-02a/primary_seq/iPSC-UE-E8-N11_2.fastq.gz
iPSC-UE-E8-N1,/home/lizhixin/project/scRNA-seq/rawData/May_2018/NganE_RNASeq_SS-180403-02a/primary_seq/iPSC-UE-E8-N1_1.fastq.gz,/home/lizhixin/project/scRNA-seq/rawData/May_2018/NganE_RNASeq_SS-180403-02a/primary_seq/iPSC-UE-E8-N1_2.fastq.gz
iPSC-UE-E8-N12,/home/lizhixin/project/scRNA-seq/rawData/May_2018/NganE_RNASeq_SS-180403-02a/primary_seq/iPSC-UE-E8-N12_1.fastq.gz,/home/lizhixin/project/scRNA-seq/rawData/May_2018/NganE_RNASeq_SS-180403-02a/primary_seq/iPSC-UE-E8-N12_2.fastq.gz
iPSC-UE-E8-N2,/home/lizhixin/project/scRNA-seq/rawData/May_2018/NganE_RNASeq_SS-180403-02a/primary_seq/iPSC-UE-E8-N2_1.fastq.gz,/home/lizhixin/project/scRNA-seq/rawData/May_2018/NganE_RNASeq_SS-180403-02a/primary_seq/iPSC-UE-E8-N2_2.fastq.gz
iPSC-UE-E8-N3,/home/lizhixin/project/scRNA-seq/rawData/May_2018/NganE_RNASeq_SS-180403-02a/primary_seq/iPSC-UE-E8-N3_1.fastq.gz,/home/lizhixin/project/scRNA-seq/rawData/May_2018/NganE_RNASeq_SS-180403-02a/primary_seq/iPSC-UE-E8-N3_2.fastq.gz
iPSC-UE-E8-N4,/home/lizhixin/project/scRNA-seq/rawData/May_2018/NganE_RNASeq_SS-180403-02a/primary_seq/iPSC-UE-E8-N4_1.fastq.gz,/home/lizhixin/project/scRNA-seq/rawData/May_2018/NganE_RNASeq_SS-180403-02a/primary_seq/iPSC-UE-E8-N4_2.fastq.gz
iPSC-UE-E8-N5,/home/lizhixin/project/scRNA-seq/rawData/May_2018/NganE_RNASeq_SS-180403-02a/primary_seq/iPSC-UE-E8-N5_1.fastq.gz,/home/lizhixin/project/scRNA-seq/rawData/May_2018/NganE_RNASeq_SS-180403-02a/primary_seq/iPSC-UE-E8-N5_2.fastq.gz
iPSC-UE-E8-N6,/home/lizhixin/project/scRNA-seq/rawData/May_2018/NganE_RNASeq_SS-180403-02a/primary_seq/iPSC-UE-E8-N6_1.fastq.gz,/home/lizhixin/project/scRNA-seq/rawData/May_2018/NganE_RNASeq_SS-180403-02a/primary_seq/iPSC-UE-E8-N6_2.fastq.gz
iPSC-UE-E8-N7,/home/lizhixin/project/scRNA-seq/rawData/May_2018/NganE_RNASeq_SS-180403-02a/primary_seq/iPSC-UE-E8-N7_1.fastq.gz,/home/lizhixin/project/scRNA-seq/rawData/May_2018/NganE_RNASeq_SS-180403-02a/primary_seq/iPSC-UE-E8-N7_2.fastq.gz
iPSC-UE-E8-N8,/home/lizhixin/project/scRNA-seq/rawData/May_2018/NganE_RNASeq_SS-180403-02a/primary_seq/iPSC-UE-E8-N8_1.fastq.gz,/home/lizhixin/project/scRNA-seq/rawData/May_2018/NganE_RNASeq_SS-180403-02a/primary_seq/iPSC-UE-E8-N8_2.fastq.gz
iPSC-UE-E8-N9,/home/lizhixin/project/scRNA-seq/rawData/May_2018/NganE_RNASeq_SS-180403-02a/primary_seq/iPSC-UE-E8-N9_1.fastq.gz,/home/lizhixin/project/scRNA-seq/rawData/May_2018/NganE_RNASeq_SS-180403-02a/primary_seq/iPSC-UE-E8-N9_2.fastq.gz
iPSC-UE-E8-O10,/home/lizhixin/project/scRNA-seq/rawData/May_2018/NganE_RNASeq_SS-180403-02a/primary_seq/iPSC-UE-E8-O10_1.fastq.gz,/home/lizhixin/project/scRNA-seq/rawData/May_2018/NganE_RNASeq_SS-180403-02a/primary_seq/iPSC-UE-E8-O10_2.fastq.gz
iPSC-UE-E8-O11,/home/lizhixin/project/scRNA-seq/rawData/May_2018/NganE_RNASeq_SS-180403-02a/primary_seq/iPSC-UE-E8-O11_1.fastq.gz,/home/lizhixin/project/scRNA-seq/rawData/May_2018/NganE_RNASeq_SS-180403-02a/primary_seq/iPSC-UE-E8-O11_2.fastq.gz
iPSC-UE-E8-O1,/home/lizhixin/project/scRNA-seq/rawData/May_2018/NganE_RNASeq_SS-180403-02a/primary_seq/iPSC-UE-E8-O1_1.fastq.gz,/home/lizhixin/project/scRNA-seq/rawData/May_2018/NganE_RNASeq_SS-180403-02a/primary_seq/iPSC-UE-E8-O1_2.fastq.gz
iPSC-UE-E8-O12,/home/lizhixin/project/scRNA-seq/rawData/May_2018/NganE_RNASeq_SS-180403-02a/primary_seq/iPSC-UE-E8-O12_1.fastq.gz,/home/lizhixin/project/scRNA-seq/rawData/May_2018/NganE_RNASeq_SS-180403-02a/primary_seq/iPSC-UE-E8-O12_2.fastq.gz
iPSC-UE-E8-O2,/home/lizhixin/project/scRNA-seq/rawData/May_2018/NganE_RNASeq_SS-180403-02a/primary_seq/iPSC-UE-E8-O2_1.fastq.gz,/home/lizhixin/project/scRNA-seq/rawData/May_2018/NganE_RNASeq_SS-180403-02a/primary_seq/iPSC-UE-E8-O2_2.fastq.gz
iPSC-UE-E8-O3,/home/lizhixin/project/scRNA-seq/rawData/May_2018/NganE_RNASeq_SS-180403-02a/primary_seq/iPSC-UE-E8-O3_1.fastq.gz,/home/lizhixin/project/scRNA-seq/rawData/May_2018/NganE_RNASeq_SS-180403-02a/primary_seq/iPSC-UE-E8-O3_2.fastq.gz
iPSC-UE-E8-O4,/home/lizhixin/project/scRNA-seq/rawData/May_2018/NganE_RNASeq_SS-180403-02a/primary_seq/iPSC-UE-E8-O4_1.fastq.gz,/home/lizhixin/project/scRNA-seq/rawData/May_2018/NganE_RNASeq_SS-180403-02a/primary_seq/iPSC-UE-E8-O4_2.fastq.gz
iPSC-UE-E8-O5,/home/lizhixin/project/scRNA-seq/rawData/May_2018/NganE_RNASeq_SS-180403-02a/primary_seq/iPSC-UE-E8-O5_1.fastq.gz,/home/lizhixin/project/scRNA-seq/rawData/May_2018/NganE_RNASeq_SS-180403-02a/primary_seq/iPSC-UE-E8-O5_2.fastq.gz
iPSC-UE-E8-O6,/home/lizhixin/project/scRNA-seq/rawData/May_2018/NganE_RNASeq_SS-180403-02a/primary_seq/iPSC-UE-E8-O6_1.fastq.gz,/home/lizhixin/project/scRNA-seq/rawData/May_2018/NganE_RNASeq_SS-180403-02a/primary_seq/iPSC-UE-E8-O6_2.fastq.gz
iPSC-UE-E8-O7,/home/lizhixin/project/scRNA-seq/rawData/May_2018/NganE_RNASeq_SS-180403-02a/primary_seq/iPSC-UE-E8-O7_1.fastq.gz,/home/lizhixin/project/scRNA-seq/rawData/May_2018/NganE_RNASeq_SS-180403-02a/primary_seq/iPSC-UE-E8-O7_2.fastq.gz
iPSC-UE-E8-O8,/home/lizhixin/project/scRNA-seq/rawData/May_2018/NganE_RNASeq_SS-180403-02a/primary_seq/iPSC-UE-E8-O8_1.fastq.gz,/home/lizhixin/project/scRNA-seq/rawData/May_2018/NganE_RNASeq_SS-180403-02a/primary_seq/iPSC-UE-E8-O8_2.fastq.gz
iPSC-UE-E8-O9,/home/lizhixin/project/scRNA-seq/rawData/May_2018/NganE_RNASeq_SS-180403-02a/primary_seq/iPSC-UE-E8-O9_1.fastq.gz,/home/lizhixin/project/scRNA-seq/rawData/May_2018/NganE_RNASeq_SS-180403-02a/primary_seq/iPSC-UE-E8-O9_2.fastq.gz
iPSC-UE-E8-P10,/home/lizhixin/project/scRNA-seq/rawData/May_2018/NganE_RNASeq_SS-180403-02a/primary_seq/iPSC-UE-E8-P10_1.fastq.gz,/home/lizhixin/project/scRNA-seq/rawData/May_2018/NganE_RNASeq_SS-180403-02a/primary_seq/iPSC-UE-E8-P10_2.fastq.gz
iPSC-UE-E8-P11,/home/lizhixin/project/scRNA-seq/rawData/May_2018/NganE_RNASeq_SS-180403-02a/primary_seq/iPSC-UE-E8-P11_1.fastq.gz,/home/lizhixin/project/scRNA-seq/rawData/May_2018/NganE_RNASeq_SS-180403-02a/primary_seq/iPSC-UE-E8-P11_2.fastq.gz
iPSC-UE-E8-P1,/home/lizhixin/project/scRNA-seq/rawData/May_2018/NganE_RNASeq_SS-180403-02a/primary_seq/iPSC-UE-E8-P1_1.fastq.gz,/home/lizhixin/project/scRNA-seq/rawData/May_2018/NganE_RNASeq_SS-180403-02a/primary_seq/iPSC-UE-E8-P1_2.fastq.gz
iPSC-UE-E8-P12,/home/lizhixin/project/scRNA-seq/rawData/May_2018/NganE_RNASeq_SS-180403-02a/primary_seq/iPSC-UE-E8-P12_1.fastq.gz,/home/lizhixin/project/scRNA-seq/rawData/May_2018/NganE_RNASeq_SS-180403-02a/primary_seq/iPSC-UE-E8-P12_2.fastq.gz
iPSC-UE-E8-P2,/home/lizhixin/project/scRNA-seq/rawData/May_2018/NganE_RNASeq_SS-180403-02a/primary_seq/iPSC-UE-E8-P2_1.fastq.gz,/home/lizhixin/project/scRNA-seq/rawData/May_2018/NganE_RNASeq_SS-180403-02a/primary_seq/iPSC-UE-E8-P2_2.fastq.gz
iPSC-UE-E8-P3,/home/lizhixin/project/scRNA-seq/rawData/May_2018/NganE_RNASeq_SS-180403-02a/primary_seq/iPSC-UE-E8-P3_1.fastq.gz,/home/lizhixin/project/scRNA-seq/rawData/May_2018/NganE_RNASeq_SS-180403-02a/primary_seq/iPSC-UE-E8-P3_2.fastq.gz
iPSC-UE-E8-P4,/home/lizhixin/project/scRNA-seq/rawData/May_2018/NganE_RNASeq_SS-180403-02a/primary_seq/iPSC-UE-E8-P4_1.fastq.gz,/home/lizhixin/project/scRNA-seq/rawData/May_2018/NganE_RNASeq_SS-180403-02a/primary_seq/iPSC-UE-E8-P4_2.fastq.gz
iPSC-UE-E8-P5,/home/lizhixin/project/scRNA-seq/rawData/May_2018/NganE_RNASeq_SS-180403-02a/primary_seq/iPSC-UE-E8-P5_1.fastq.gz,/home/lizhixin/project/scRNA-seq/rawData/May_2018/NganE_RNASeq_SS-180403-02a/primary_seq/iPSC-UE-E8-P5_2.fastq.gz
iPSC-UE-E8-P6,/home/lizhixin/project/scRNA-seq/rawData/May_2018/NganE_RNASeq_SS-180403-02a/primary_seq/iPSC-UE-E8-P6_1.fastq.gz,/home/lizhixin/project/scRNA-seq/rawData/May_2018/NganE_RNASeq_SS-180403-02a/primary_seq/iPSC-UE-E8-P6_2.fastq.gz
iPSC-UE-E8-P7,/home/lizhixin/project/scRNA-seq/rawData/May_2018/NganE_RNASeq_SS-180403-02a/primary_seq/iPSC-UE-E8-P7_1.fastq.gz,/home/lizhixin/project/scRNA-seq/rawData/May_2018/NganE_RNASeq_SS-180403-02a/primary_seq/iPSC-UE-E8-P7_2.fastq.gz
iPSC-UE-E8-P8,/home/lizhixin/project/scRNA-seq/rawData/May_2018/NganE_RNASeq_SS-180403-02a/primary_seq/iPSC-UE-E8-P8_1.fastq.gz,/home/lizhixin/project/scRNA-seq/rawData/May_2018/NganE_RNASeq_SS-180403-02a/primary_seq/iPSC-UE-E8-P8_2.fastq.gz
iPSC-UE-E8-P9,/home/lizhixin/project/scRNA-seq/rawData/May_2018/NganE_RNASeq_SS-180403-02a/primary_seq/iPSC-UE-E8-P9_1.fastq.gz,/home/lizhixin/project/scRNA-seq/rawData/May_2018/NganE_RNASeq_SS-180403-02a/primary_seq/iPSC-UE-E8-P9_2.fastq.gz
